,datetime,millis,lat,dir1,lon,dir2,altitude,speed,angle,satellites
0,24-5-2024 18:51:27.000 ,264003,42.361215, N,-71.08809333333333, W,25.3,0.32,0.0,5
1,24-5-2024 18:51:28.000 ,265084,42.361215, N,-71.08808666666667, W,24.3,0.12,0.0,5
2,24-5-2024 18:51:30.000 ,266754,42.36120666666667, N,-71.08811833333333, W,27.8,0.08,0.0,5
3,24-5-2024 18:51:31.000 ,267874,42.361198333333334, N,-71.088135, W,31.8,0.08,0.0,5
4,24-5-2024 18:51:32.000 ,268880,42.361198333333334, N,-71.08814333333333, W,32.8,0.21,0.0,5
5,24-5-2024 18:51:33.000 ,269999,42.361198333333334, N,-71.08818333333333, W,36.9,0.26,0.0,5
6,24-5-2024 18:51:34.000 ,271004,42.36120666666667, N,-71.08812666666667, W,32.7,0.03,0.0,5
7,24-5-2024 18:51:35.000 ,272080,42.36120666666667, N,-71.08808666666667, W,28.6,0.06,0.0,5
8,24-5-2024 18:51:36.000 ,273084,42.36120666666667, N,-71.08807, W,26.8,0.44,0.0,5
9,24-5-2024 18:51:38.000 ,274950,42.361215, N,-71.08798833333333, W,22.5,0.18,0.0,5
10,24-5-2024 18:51:39.000 ,276073,42.361215, N,-71.08798, W,19.5,0.46,0.0,5
11,24-5-2024 18:51:40.000 ,277197,42.361215, N,-71.08797166666666, W,18.2,0.24,0.0,4
12,24-5-2024 18:51:41.000 ,278202,42.361215, N,-71.08796333333333, W,17.3,0.52,0.0,5
13,24-5-2024 18:51:42.000 ,279202,42.36120666666667, N,-71.08794833333333, W,16.0,1.25,0.0,5
14,24-5-2024 18:51:43.000 ,280304,42.36120666666667, N,-71.08794, W,15.3,0.35,0.0,5
15,24-5-2024 18:51:45.000 ,281947,42.36120666666667, N,-71.08793166666666, W,15.9,0.57,0.0,5
16,24-5-2024 18:51:46.000 ,282948,42.36120666666667, N,-71.087915, W,15.0,0.35,0.0,5
17,24-5-2024 18:51:47.000 ,284073,42.36120666666667, N,-71.08789833333333, W,12.9,0.43,0.0,5
18,24-5-2024 18:51:48.000 ,285198,42.361215, N,-71.08786666666667, W,9.7,0.29,0.0,5
19,24-5-2024 18:51:49.000 ,286201,42.361215, N,-71.08786666666667, W,8.5,0.27,0.0,5
20,24-5-2024 18:51:50.000 ,287280,42.361215, N,-71.08786666666667, W,9.5,0.27,0.0,5
21,24-5-2024 18:51:51.000 ,288290,42.361221666666665, N,-71.08786666666667, W,9.3,0.45,0.0,6
22,24-5-2024 18:51:53.000 ,289949,42.361215, N,-71.087875, W,9.7,0.32,0.0,6
23,24-5-2024 18:51:54.000 ,290952,42.361215, N,-71.087875, W,10.0,0.27,0.0,6
24,24-5-2024 18:51:55.000 ,292072,42.361215, N,-71.087875, W,9.7,0.17,0.0,6
25,24-5-2024 18:51:56.000 ,293074,42.361215, N,-71.08786666666667, W,9.3,0.13,0.0,6
26,24-5-2024 18:51:57.000 ,294198,42.361215, N,-71.087875, W,9.7,0.17,0.0,6
27,24-5-2024 18:51:58.000 ,295286,42.361215, N,-71.08786666666667, W,9.6,0.16,0.0,6
28,24-5-2024 18:52:00.000 ,296951,42.361221666666665, N,-71.08786666666667, W,9.0,0.05,0.0,6
29,24-5-2024 18:52:01.000 ,298073,42.361215, N,-71.08785833333333, W,8.8,0.07,0.0,6
30,24-5-2024 18:52:02.000 ,299198,42.361215, N,-71.08785833333333, W,8.7,0.15,0.0,6
31,24-5-2024 18:52:03.000 ,300199,42.361215, N,-71.08785833333333, W,8.9,0.03,0.0,6
32,24-5-2024 18:52:04.000 ,301203,42.361215, N,-71.08785833333333, W,9.4,0.08,0.0,7
33,24-5-2024 18:52:05.000 ,302307,42.361215, N,-71.08785833333333, W,9.7,0.02,0.0,7
34,24-5-2024 18:52:06.000 ,303314,42.361221666666665, N,-71.08786666666667, W,10.6,0.06,0.0,7
35,24-5-2024 18:52:08.000 ,304951,42.361221666666665, N,-71.08786666666667, W,10.8,0.01,0.0,7
36,24-5-2024 18:52:09.000 ,306073,42.361221666666665, N,-71.08786666666667, W,11.1,0.09,0.0,6
37,24-5-2024 18:52:10.000 ,307075,42.361221666666665, N,-71.087875, W,11.6,0.06,0.0,7
38,24-5-2024 18:52:11.000 ,308201,42.361221666666665, N,-71.087875, W,12.0,0.04,0.0,7
39,24-5-2024 18:52:12.000 ,309202,42.361221666666665, N,-71.087875, W,12.0,0.05,0.0,7
40,24-5-2024 18:52:13.000 ,310310,42.361221666666665, N,-71.087875, W,11.9,0.02,0.0,7
41,24-5-2024 18:52:14.000 ,311313,42.361221666666665, N,-71.087875, W,12.2,0.2,0.0,7
42,24-5-2024 18:52:16.000 ,312950,42.361221666666665, N,-71.087875, W,12.3,0.08,0.0,7
43,24-5-2024 18:52:17.000 ,314074,42.361221666666665, N,-71.087875, W,12.4,0.02,0.0,7
44,24-5-2024 18:52:18.000 ,315076,42.361221666666665, N,-71.087875, W,12.5,0.04,0.0,7
45,24-5-2024 18:52:19.000 ,316199,42.361221666666665, N,-71.087875, W,12.6,0.02,0.0,7
46,24-5-2024 18:52:20.000 ,317203,42.361221666666665, N,-71.087875, W,12.6,0.04,0.0,7
47,24-5-2024 18:52:21.000 ,318296,42.361221666666665, N,-71.087875, W,12.7,0.06,0.0,7
48,24-5-2024 18:52:23.000 ,319949,42.361221666666665, N,-71.087875, W,13.0,0.02,0.0,7
49,24-5-2024 18:52:24.000 ,320955,42.361221666666665, N,-71.087875, W,13.2,0.05,0.0,7
50,24-5-2024 18:52:25.000 ,322074,42.361221666666665, N,-71.087875, W,13.3,0.04,0.0,7
51,24-5-2024 18:52:26.000 ,323083,42.361221666666665, N,-71.087875, W,13.5,0.21,0.0,7
52,24-5-2024 18:52:27.000 ,324198,42.361221666666665, N,-71.087875, W,13.5,0.12,0.0,7
53,24-5-2024 18:52:28.000 ,325203,42.361221666666665, N,-71.087875, W,13.5,0.11,0.0,7
54,24-5-2024 18:52:29.000 ,326294,42.361221666666665, N,-71.087875, W,13.6,0.15,0.0,7
55,24-5-2024 18:52:30.000 ,327296,42.361221666666665, N,-71.087875, W,13.5,0.32,0.0,7
56,24-5-2024 18:52:31.000 ,328297,42.361221666666665, N,-71.087875, W,13.4,0.08,0.0,7
57,24-5-2024 18:52:33.000 ,329950,42.361221666666665, N,-71.08788166666666, W,13.5,0.04,0.0,7
58,24-5-2024 18:52:34.000 ,330952,42.361221666666665, N,-71.08788166666666, W,13.5,0.24,0.0,7
59,24-5-2024 18:52:35.000 ,332076,42.361221666666665, N,-71.087875, W,13.9,0.04,0.0,7
60,24-5-2024 18:52:36.000 ,333199,42.361221666666665, N,-71.08788166666666, W,13.8,0.2,0.0,7
61,24-5-2024 18:52:37.000 ,334293,42.361221666666665, N,-71.08788166666666, W,13.9,0.24,0.0,7
62,24-5-2024 18:52:38.000 ,335295,42.361221666666665, N,-71.08788166666666, W,14.0,0.37,0.0,7
63,24-5-2024 18:52:40.000 ,336953,42.361221666666665, N,-71.08788166666666, W,14.0,0.49,0.0,6
64,24-5-2024 18:52:41.000 ,338072,42.361221666666665, N,-71.08788166666666, W,14.1,0.08,0.0,7
65,24-5-2024 18:52:42.000 ,339198,42.361221666666665, N,-71.08788166666666, W,14.1,0.06,0.0,5
66,24-5-2024 18:52:43.000 ,340198,42.361221666666665, N,-71.087875, W,14.0,0.41,0.0,5
67,24-5-2024 18:52:44.000 ,341278,42.361221666666665, N,-71.08786666666667, W,13.6,0.67,0.0,3
68,24-5-2024 18:52:45.000 ,342289,42.361221666666665, N,-71.08786666666667, W,13.6,0.31,0.0,5
69,24-5-2024 18:52:46.000 ,343294,42.361215, N,-71.087875, W,13.4,0.25,0.0,6
70,24-5-2024 18:52:47.000 ,344299,42.361215, N,-71.08785833333333, W,13.3,0.78,0.0,6
72,24-5-2024 18:52:52.000 ,349067,42.36120666666667, N,-71.08785833333333, W,13.3,0.36,0.0,4
73,24-5-2024 18:52:53.000 ,350074,42.361215, N,-71.08786666666667, W,13.3,0.37,0.0,7
74,24-5-2024 18:52:54.000 ,351266,42.361215, N,-71.08786666666667, W,13.1,0.32,0.0,7
75,24-5-2024 18:52:56.000 ,352949,42.361215, N,-71.08786666666667, W,13.1,0.07,0.0,7
76,24-5-2024 18:52:57.000 ,354071,42.361215, N,-71.08786666666667, W,13.0,0.04,0.0,6
77,24-5-2024 18:52:58.000 ,355078,42.361215, N,-71.087875, W,13.1,0.88,0.0,7
78,24-5-2024 18:52:59.000 ,356197,42.36120666666667, N,-71.087875, W,13.0,0.12,0.0,7
79,24-5-2024 18:53:00.000 ,357266,42.36120666666667, N,-71.087875, W,13.1,0.38,0.0,7
80,24-5-2024 18:53:01.000 ,358269,42.361198333333334, N,-71.087875, W,13.0,0.26,0.0,7
81,24-5-2024 18:53:03.000 ,359945,42.36118166666667, N,-71.087875, W,12.9,0.62,0.0,7
82,24-5-2024 18:53:04.000 ,360950,42.36118166666667, N,-71.087875, W,12.9,0.61,0.0,7
83,24-5-2024 18:53:05.000 ,361952,42.36118166666667, N,-71.087875, W,12.9,0.28,0.0,7
84,24-5-2024 18:53:06.000 ,363072,42.36119, N,-71.087875, W,12.7,0.58,0.0,7
85,24-5-2024 18:53:07.000 ,364195,42.36118166666667, N,-71.08788166666666, W,12.9,0.13,0.0,7
86,24-5-2024 18:53:08.000 ,365265,42.36119, N,-71.08789, W,13.2,0.14,0.0,7
87,24-5-2024 18:53:10.000 ,366949,42.361198333333334, N,-71.08789833333333, W,13.0,0.27,0.0,7
88,24-5-2024 18:53:11.000 ,368071,42.361198333333334, N,-71.08790666666667, W,13.1,0.11,0.0,7
89,24-5-2024 18:53:12.000 ,369075,42.36120666666667, N,-71.08790666666667, W,13.0,0.02,0.0,7
90,24-5-2024 18:53:13.000 ,370285,42.36120666666667, N,-71.08790666666667, W,12.8,0.01,0.0,6
91,24-5-2024 18:53:14.000 ,371292,42.361215, N,-71.087915, W,12.6,0.06,0.0,6
92,24-5-2024 18:53:15.000 ,372321,42.361215, N,-71.087915, W,12.3,0.08,0.0,7
93,24-5-2024 18:53:16.000 ,373323,42.361221666666665, N,-71.087915, W,12.1,0.04,0.0,7
94,24-5-2024 18:53:18.000 ,374955,42.361221666666665, N,-71.087915, W,12.0,0.08,0.0,7
95,24-5-2024 18:53:19.000 ,376074,42.36123, N,-71.08792333333334, W,11.7,0.34,0.0,7
96,24-5-2024 18:53:20.000 ,377076,42.36123, N,-71.087915, W,11.6,0.49,0.0,7
97,24-5-2024 18:53:21.000 ,378315,42.36123, N,-71.08790666666667, W,11.3,0.19,0.0,7
98,24-5-2024 18:53:22.000 ,379316,42.361221666666665, N,-71.08790666666667, W,11.1,0.07,0.0,6
99,24-5-2024 18:53:23.000 ,380316,42.361215, N,-71.08790666666667, W,10.7,0.4,0.0,7
100,24-5-2024 18:53:25.000 ,381949,42.361215, N,-71.08789833333333, W,10.4,0.2,0.0,7
101,24-5-2024 18:53:26.000 ,382959,42.361215, N,-71.08789833333333, W,10.5,0.27,0.0,7
102,24-5-2024 18:53:27.000 ,384079,42.361215, N,-71.08789, W,10.9,0.08,0.0,8
103,24-5-2024 18:53:28.000 ,385323,42.36120666666667, N,-71.08789, W,11.1,0.06,0.0,7
104,24-5-2024 18:53:30.000 ,386957,42.36120666666667, N,-71.08789, W,11.3,0.17,0.0,7
105,24-5-2024 18:53:31.000 ,388080,42.36120666666667, N,-71.08789, W,11.4,0.09,0.0,8
106,24-5-2024 18:53:32.000 ,389081,42.36120666666667, N,-71.08789, W,11.5,0.11,0.0,8
107,24-5-2024 18:53:33.000 ,390328,42.36120666666667, N,-71.08789, W,11.8,0.09,0.0,8
108,24-5-2024 18:53:34.000 ,391329,42.361198333333334, N,-71.08789, W,11.9,0.06,0.0,8
109,24-5-2024 18:53:36.000 ,392954,42.361198333333334, N,-71.08789, W,12.2,0.19,0.0,8
110,24-5-2024 18:53:37.000 ,394079,42.361198333333334, N,-71.08789, W,12.4,0.47,0.0,8
111,24-5-2024 18:53:38.000 ,395325,42.361198333333334, N,-71.08789, W,12.5,0.06,0.0,7
112,24-5-2024 18:53:37.000 ,396325,42.36120666666667, N,-71.08789, W,12.5,0.26,0.0,8
113,24-5-2024 18:53:38.000 ,397327,42.36120666666667, N,-71.08789833333333, W,12.4,0.79,0.0,8
114,24-5-2024 18:53:39.000 ,398328,42.361215, N,-71.08789833333333, W,12.6,0.06,0.0,8
115,24-5-2024 18:53:41.000 ,399950,42.361221666666665, N,-71.08789833333333, W,13.1,0.25,0.0,8
116,24-5-2024 18:53:42.000 ,400956,42.36123, N,-71.08790666666667, W,13.5,0.15,0.0,8
117,24-5-2024 18:53:43.000 ,402079,42.36123, N,-71.08790666666667, W,14.6,0.14,0.0,8
118,24-5-2024 18:53:44.000 ,403324,42.36123, N,-71.08790666666667, W,15.1,0.09,0.0,8
119,24-5-2024 18:53:45.000 ,404327,42.36123, N,-71.08790666666667, W,15.4,0.05,0.0,8
120,24-5-2024 18:53:46.000 ,405328,42.36123833333333, N,-71.08790666666667, W,15.4,0.03,0.0,8
121,24-5-2024 18:53:48.000 ,406952,42.36123833333333, N,-71.08790666666667, W,15.4,0.1,0.0,8
122,24-5-2024 18:53:49.000 ,407953,42.36123833333333, N,-71.087915, W,15.6,0.12,0.0,8
123,24-5-2024 18:53:50.000 ,408954,42.36123833333333, N,-71.08790666666667, W,15.8,0.08,0.0,8
124,24-5-2024 18:53:51.000 ,410075,42.36123833333333, N,-71.087915, W,15.9,0.1,0.0,8
125,24-5-2024 18:53:52.000 ,411078,42.36123833333333, N,-71.08790666666667, W,16.0,0.03,0.0,8
126,24-5-2024 18:53:53.000 ,412324,42.36123833333333, N,-71.08790666666667, W,16.2,0.05,0.0,8
127,24-5-2024 18:53:54.000 ,413326,42.36123833333333, N,-71.08790666666667, W,16.3,0.08,0.0,8
128,24-5-2024 18:53:56.000 ,414952,42.36123, N,-71.08790666666667, W,16.3,0.11,0.0,8
129,24-5-2024 18:53:57.000 ,416075,42.36123, N,-71.087915, W,16.5,0.12,0.0,8
130,24-5-2024 18:53:58.000 ,417201,42.36123, N,-71.08790666666667, W,16.7,0.61,139.52,8
131,24-5-2024 18:53:59.000 ,418324,42.36123, N,-71.08790666666667, W,16.7,0.12,139.52,8
132,24-5-2024 18:54:00.000 ,419327,42.36123, N,-71.08790666666667, W,16.9,1.22,118.86,8
133,24-5-2024 18:54:02.000 ,420951,42.361221666666665, N,-71.08789833333333, W,16.7,0.07,118.86,7
134,24-5-2024 18:54:03.000 ,422076,42.36123, N,-71.08789833333333, W,16.4,0.59,118.86,7
135,24-5-2024 18:54:04.000 ,423078,42.361221666666665, N,-71.08789, W,16.3,0.21,118.86,7
136,24-5-2024 18:54:05.000 ,424078,42.361221666666665, N,-71.08788166666666, W,15.9,1.11,118.86,7
137,24-5-2024 18:54:06.000 ,425326,42.361221666666665, N,-71.08786666666667, W,15.9,0.92,118.86,8
138,24-5-2024 18:54:07.000 ,426336,42.361221666666665, N,-71.08785833333333, W,15.8,0.96,118.86,8
139,24-5-2024 18:54:08.000 ,427352,42.361215, N,-71.08785, W,15.7,1.66,120.97,8
140,24-5-2024 18:54:10.000 ,428952,42.361215, N,-71.087825, W,15.2,1.86,124.1,8
141,24-5-2024 18:54:11.000 ,430199,42.361215, N,-71.08781666666667, W,15.1,1.32,122.62,8
142,24-5-2024 18:54:12.000 ,431200,42.361215, N,-71.08781, W,15.5,1.26,118.6,8
143,24-5-2024 18:54:13.000 ,432321,42.361215, N,-71.08780166666666, W,15.2,0.94,118.6,8
144,24-5-2024 18:54:14.000 ,433328,42.361215, N,-71.08780166666666, W,14.9,0.81,118.6,8
145,24-5-2024 18:54:15.000 ,434328,42.361215, N,-71.08779333333334, W,15.1,0.68,118.6,8
146,24-5-2024 18:54:17.000 ,435949,42.361221666666665, N,-71.087785, W,15.2,0.85,118.6,8
147,24-5-2024 18:54:18.000 ,436952,42.361221666666665, N,-71.087785, W,15.2,0.22,118.6,8
148,24-5-2024 18:54:19.000 ,438076,42.361221666666665, N,-71.087785, W,14.5,0.04,118.6,8
149,24-5-2024 18:54:20.000 ,439077,42.361221666666665, N,-71.087785, W,14.4,0.05,118.6,8
150,24-5-2024 18:54:21.000 ,440322,42.361221666666665, N,-71.087785, W,14.5,0.13,118.6,8
151,24-5-2024 18:54:22.000 ,441326,42.361221666666665, N,-71.08777666666667, W,14.4,0.22,118.6,8
152,24-5-2024 18:54:23.000 ,442326,42.361221666666665, N,-71.08777666666667, W,14.5,0.15,118.6,8
153,24-5-2024 18:54:24.000 ,443330,42.36123, N,-71.08777666666667, W,14.8,0.5,118.6,8
154,24-5-2024 18:54:26.000 ,444954,42.36123833333333, N,-71.08776833333333, W,15.0,0.97,118.6,8
155,24-5-2024 18:54:27.000 ,446078,42.361246666666666, N,-71.08776833333333, W,15.0,0.81,118.6,8
156,24-5-2024 18:54:28.000 ,447325,42.361246666666666, N,-71.08775166666666, W,14.9,1.18,118.6,8
157,24-5-2024 18:54:30.000 ,448954,42.36123833333333, N,-71.08773666666667, W,14.9,0.82,118.6,8
158,24-5-2024 18:54:31.000 ,450072,42.36123833333333, N,-71.08772833333333, W,14.2,0.69,118.6,8
159,24-5-2024 18:54:32.000 ,451081,42.36123833333333, N,-71.08772, W,14.3,0.63,118.6,8
160,24-5-2024 18:54:33.000 ,452321,42.36123833333333, N,-71.08772, W,14.2,0.06,118.6,8
161,24-5-2024 18:54:34.000 ,453325,42.36123833333333, N,-71.08772, W,14.6,0.26,118.6,8
162,24-5-2024 18:54:36.000 ,454953,42.361246666666666, N,-71.08770333333334, W,14.6,0.81,118.6,8
163,24-5-2024 18:54:37.000 ,456078,42.361246666666666, N,-71.08770333333334, W,14.4,0.81,118.6,8
164,24-5-2024 18:54:38.000 ,457080,42.361246666666666, N,-71.087695, W,14.3,0.65,118.6,8
165,24-5-2024 18:54:39.000 ,458202,42.361255, N,-71.08768666666667, W,14.1,1.2,121.23,8
166,24-5-2024 18:54:40.000 ,459206,42.36126333333333, N,-71.08768666666667, W,14.7,1.3,105.94,8
167,24-5-2024 18:54:41.000 ,460325,42.36126333333333, N,-71.08767166666667, W,14.9,1.51,96.86,8
168,24-5-2024 18:54:43.000 ,461956,42.36126333333333, N,-71.087655, W,14.5,1.19,87.2,8
169,24-5-2024 18:54:44.000 ,463076,42.36127166666667, N,-71.08764666666667, W,14.3,1.35,84.04,8
170,24-5-2024 18:54:45.000 ,464202,42.36127166666667, N,-71.08763833333333, W,14.5,1.3,88.98,8
171,24-5-2024 18:54:46.000 ,465326,42.36127166666667, N,-71.08763, W,14.8,0.44,88.98,8
172,24-5-2024 18:54:48.000 ,466951,42.36127166666667, N,-71.08763, W,14.6,0.33,88.98,8
173,24-5-2024 18:54:49.000 ,468073,42.36127166666667, N,-71.08763, W,14.4,0.17,88.98,7
174,24-5-2024 18:54:50.000 ,469075,42.36127166666667, N,-71.08763, W,14.2,0.18,88.98,7
175,24-5-2024 18:54:51.000 ,470196,42.36127166666667, N,-71.08762166666666, W,13.9,0.45,88.98,7
176,24-5-2024 18:54:52.000 ,471201,42.36128, N,-71.08762166666666, W,13.8,0.89,88.98,8
177,24-5-2024 18:54:53.000 ,472320,42.36128, N,-71.08761333333334, W,13.5,1.09,88.98,8
178,24-5-2024 18:54:54.000 ,473326,42.36128, N,-71.087605, W,13.0,1.0,88.98,8
179,24-5-2024 18:54:56.000 ,474955,42.36128, N,-71.08759, W,12.4,1.59,78.39,8
180,24-5-2024 18:54:57.000 ,476075,42.361286666666665, N,-71.08758166666667, W,11.9,1.22,65.93,8
181,24-5-2024 18:54:58.000 ,477075,42.361286666666665, N,-71.08757333333334, W,11.5,0.64,60.71,8
182,24-5-2024 18:54:59.000 ,478200,42.361295, N,-71.08757333333334, W,11.3,0.69,54.5,8
183,24-5-2024 18:55:00.000 ,479323,42.361295, N,-71.087565, W,11.1,1.26,16.24,8
184,24-5-2024 18:55:01.000 ,480325,42.361295, N,-71.087565, W,10.8,1.14,28.76,8
185,24-5-2024 18:55:03.000 ,481951,42.36130333333333, N,-71.08754833333333, W,10.7,0.91,38.76,7
186,24-5-2024 18:55:04.000 ,482952,42.36130333333333, N,-71.08754, W,10.5,1.23,72.47,8
187,24-5-2024 18:55:05.000 ,484077,42.36130333333333, N,-71.08753333333334, W,9.7,0.92,70.86,8
188,24-5-2024 18:55:06.000 ,485078,42.36130333333333, N,-71.087525, W,9.9,0.89,71.73,8
189,24-5-2024 18:55:07.000 ,486201,42.36130333333333, N,-71.08751666666667, W,9.7,1.01,71.73,8
190,24-5-2024 18:55:08.000 ,487203,42.36130333333333, N,-71.08750833333333, W,9.7,1.01,75.86,8
191,24-5-2024 18:55:09.000 ,488326,42.36130333333333, N,-71.0875, W,9.9,1.2,70.79,8
192,24-5-2024 18:55:11.000 ,489945,42.361311666666666, N,-71.08748333333334, W,10.3,0.84,72.64,8
193,24-5-2024 18:55:12.000 ,490952,42.361311666666666, N,-71.087475, W,10.3,0.86,72.64,8
194,24-5-2024 18:55:13.000 ,492074,42.361311666666666, N,-71.08746666666667, W,10.6,0.89,72.64,8
195,24-5-2024 18:55:14.000 ,493079,42.361311666666666, N,-71.08746666666667, W,10.6,0.34,72.64,8
196,24-5-2024 18:55:15.000 ,494203,42.361311666666666, N,-71.08746666666667, W,10.6,0.15,72.64,8
197,24-5-2024 18:55:16.000 ,495325,42.361311666666666, N,-71.08746666666667, W,10.8,0.03,72.64,8
198,24-5-2024 18:55:18.000 ,496954,42.361311666666666, N,-71.08746666666667, W,10.9,0.03,72.64,8
199,24-5-2024 18:55:19.000 ,498074,42.36130333333333, N,-71.08746, W,11.5,0.09,72.64,8
200,24-5-2024 18:55:20.000 ,499076,42.36130333333333, N,-71.08746, W,11.8,0.04,72.64,8
201,24-5-2024 18:55:21.000 ,500198,42.36130333333333, N,-71.08746, W,12.0,0.04,72.64,8
202,24-5-2024 18:55:22.000 ,501199,42.36130333333333, N,-71.08746, W,12.3,0.03,72.64,8
203,24-5-2024 18:55:23.000 ,502321,42.36130333333333, N,-71.08746, W,12.3,0.18,72.64,8
204,24-5-2024 18:55:24.000 ,503338,42.36130333333333, N,-71.08746, W,12.6,0.04,72.64,8
205,24-5-2024 18:55:26.000 ,504955,42.36130333333333, N,-71.08746, W,12.8,0.87,40.86,8
206,24-5-2024 18:55:27.000 ,506073,42.36130333333333, N,-71.08745166666667, W,12.9,0.53,40.86,7
207,24-5-2024 18:55:28.000 ,507075,42.36130333333333, N,-71.08745166666667, W,12.7,0.14,40.86,8
208,24-5-2024 18:55:29.000 ,508199,42.36130333333333, N,-71.08746, W,12.7,0.05,40.86,8
209,24-5-2024 18:55:30.000 ,509203,42.36130333333333, N,-71.08746, W,12.7,0.04,40.86,8
210,24-5-2024 18:55:31.000 ,510328,42.36130333333333, N,-71.08746, W,12.4,0.05,40.86,8
211,24-5-2024 18:55:33.000 ,511946,42.361295, N,-71.08746, W,12.3,0.06,40.86,8
212,24-5-2024 18:55:34.000 ,512950,42.361295, N,-71.08746, W,12.5,0.19,40.86,8
213,24-5-2024 18:55:35.000 ,514075,42.361295, N,-71.08745166666667, W,12.6,0.15,40.86,8
214,24-5-2024 18:55:36.000 ,515078,42.361295, N,-71.08746, W,12.6,0.47,40.86,8
215,24-5-2024 18:55:37.000 ,516197,42.361295, N,-71.08745166666667, W,12.5,0.49,40.86,8
216,24-5-2024 18:55:38.000 ,517201,42.361295, N,-71.08745166666667, W,12.4,0.57,40.86,8
217,24-5-2024 18:55:39.000 ,518314,42.361295, N,-71.08745166666667, W,12.3,0.51,40.86,7
218,24-5-2024 18:55:41.000 ,519950,42.361286666666665, N,-71.08744333333334, W,12.0,0.93,40.86,7
219,24-5-2024 18:55:42.000 ,521075,42.361286666666665, N,-71.087435, W,11.9,0.83,40.86,8
220,24-5-2024 18:55:43.000 ,522077,42.361286666666665, N,-71.08742666666667, W,11.7,1.2,73.89,8
221,24-5-2024 18:55:44.000 ,523199,42.361286666666665, N,-71.08741833333333, W,11.6,1.31,87.64,8
222,24-5-2024 18:55:45.000 ,524322,42.36128, N,-71.08741, W,11.5,1.08,100.24,8
223,24-5-2024 18:55:47.000 ,525947,42.36128, N,-71.087395, W,11.8,0.99,100.24,8
224,24-5-2024 18:55:48.000 ,526951,42.36128, N,-71.08738666666666, W,11.9,0.82,104.93,8
225,24-5-2024 18:55:49.000 ,528074,42.36128, N,-71.08738666666666, W,11.9,0.74,93.51,8
226,24-5-2024 18:55:50.000 ,529197,42.36127166666667, N,-71.08737833333333, W,11.9,0.85,112.2,7
227,24-5-2024 18:55:51.000 ,530313,42.36127166666667, N,-71.08737833333333, W,11.8,0.61,112.2,7
228,24-5-2024 18:55:52.000 ,531323,42.36127166666667, N,-71.08737, W,11.7,0.69,113.03,8
229,24-5-2024 18:55:53.000 ,532325,42.36127166666667, N,-71.08736166666667, W,11.8,0.86,105.2,8
230,24-5-2024 18:55:55.000 ,533945,42.36126333333333, N,-71.08735333333334, W,11.7,1.31,112.09,7
231,24-5-2024 18:55:56.000 ,534949,42.36126333333333, N,-71.087345, W,11.6,1.32,99.02,8
232,24-5-2024 18:55:57.000 ,536071,42.36126333333333, N,-71.08733666666667, W,11.8,1.08,105.34,8
233,24-5-2024 18:55:58.000 ,537075,42.361255, N,-71.08732833333333, W,11.9,1.37,117.57,8
234,24-5-2024 18:55:59.000 ,538194,42.361255, N,-71.08732166666667, W,11.9,1.27,113.12,7
235,24-5-2024 18:56:00.000 ,539195,42.361255, N,-71.08731333333333, W,11.9,1.12,104.83,7
236,24-5-2024 18:56:01.000 ,540321,42.361255, N,-71.087305, W,12.0,1.26,101.0,7
237,24-5-2024 18:56:03.000 ,541947,42.36126333333333, N,-71.08728833333333, W,12.0,1.45,71.21,8
238,24-5-2024 18:56:04.000 ,542949,42.36126333333333, N,-71.08728, W,12.1,1.32,79.57,8
239,24-5-2024 18:56:05.000 ,544071,42.361255, N,-71.08727166666667, W,12.3,1.35,87.58,8
240,24-5-2024 18:56:06.000 ,545198,42.361255, N,-71.08726333333334, W,12.6,1.48,91.85,6
241,24-5-2024 18:56:07.000 ,546319,42.361255, N,-71.08725666666666, W,12.7,1.15,97.89,6
242,24-5-2024 18:56:08.000 ,547320,42.361255, N,-71.08724833333333, W,12.7,1.25,110.7,6
243,24-5-2024 18:56:09.000 ,548371,42.361255, N,-71.08724, W,12.6,1.17,110.77,7
244,24-5-2024 18:56:11.000 ,549946,42.361246666666666, N,-71.08722333333333, W,12.9,1.29,105.1,6
245,24-5-2024 18:56:12.000 ,550949,42.361246666666666, N,-71.087215, W,13.0,1.14,106.99,8
246,24-5-2024 18:56:13.000 ,552071,42.36123833333333, N,-71.08720666666666, W,13.3,0.95,122.82,7
247,24-5-2024 18:56:14.000 ,553074,42.361246666666666, N,-71.08720666666666, W,13.1,1.03,122.82,7
248,24-5-2024 18:56:15.000 ,554194,42.36123833333333, N,-71.08719833333333, W,14.3,0.89,123.71,8
249,24-5-2024 18:56:16.000 ,555319,42.36123, N,-71.08719, W,15.5,1.15,128.22,7
250,24-5-2024 18:56:17.000 ,556321,42.36123, N,-71.08718333333333, W,15.1,1.24,122.09,8
251,24-5-2024 18:56:18.000 ,557345,42.361221666666665, N,-71.087175, W,15.6,0.99,132.67,8
252,24-5-2024 18:56:20.000 ,558946,42.36120666666667, N,-71.08716666666666, W,15.7,1.53,139.3,8
253,24-5-2024 18:56:21.000 ,559948,42.361198333333334, N,-71.08715833333333, W,15.7,1.22,145.1,8
254,24-5-2024 18:56:22.000 ,561195,42.36119, N,-71.08715833333333, W,16.0,1.37,148.57,8
255,24-5-2024 18:56:23.000 ,562195,42.36119, N,-71.08715, W,15.7,1.4,150.89,8
256,24-5-2024 18:56:24.000 ,563205,42.36118166666667, N,-71.08715, W,15.2,1.36,156.72,8
257,24-5-2024 18:56:25.000 ,564322,42.36118166666667, N,-71.08715, W,15.4,1.06,154.45,8
258,24-5-2024 18:56:26.000 ,565327,42.36117333333333, N,-71.08714166666667, W,15.9,0.83,157.04,8
259,24-5-2024 18:56:28.000 ,566948,42.361156666666666, N,-71.08714166666667, W,16.0,1.53,165.62,8
260,24-5-2024 18:56:29.000 ,567950,42.36114833333333, N,-71.08714166666667, W,16.4,1.64,169.21,8
261,24-5-2024 18:56:30.000 ,568951,42.36114833333333, N,-71.08714166666667, W,15.9,1.52,166.75,8
262,24-5-2024 18:56:31.000 ,570067,42.36114166666667, N,-71.08713333333333, W,15.9,1.31,163.29,8
263,24-5-2024 18:56:32.000 ,571075,42.361133333333335, N,-71.08713333333333, W,15.8,1.53,171.65,8
264,24-5-2024 18:56:33.000 ,572198,42.361133333333335, N,-71.08713333333333, W,15.4,1.2,164.77,8
265,24-5-2024 18:56:34.000 ,573201,42.361125, N,-71.08713333333333, W,15.0,1.59,171.73,8
266,24-5-2024 18:56:35.000 ,574323,42.361125, N,-71.08713333333333, W,14.9,1.61,184.48,8
267,24-5-2024 18:56:36.000 ,575325,42.36111666666667, N,-71.08714166666667, W,15.2,0.81,184.4,8
268,24-5-2024 18:56:38.000 ,576948,42.36111666666667, N,-71.08714166666667, W,15.0,0.12,184.4,8
269,24-5-2024 18:56:39.000 ,578073,42.361108333333334, N,-71.08714166666667, W,15.4,0.69,176.24,8
270,24-5-2024 18:56:40.000 ,579197,42.361108333333334, N,-71.08714166666667, W,15.5,0.91,181.76,8
271,24-5-2024 18:56:41.000 ,580319,42.3611, N,-71.08714166666667, W,15.8,1.13,178.74,8
272,24-5-2024 18:56:42.000 ,581322,42.36109166666667, N,-71.08714166666667, W,15.8,1.87,173.53,8
273,24-5-2024 18:56:43.000 ,582325,42.36108333333333, N,-71.08714166666667, W,15.8,1.65,178.8,8
274,24-5-2024 18:56:44.000 ,583350,42.36107666666667, N,-71.08714166666667, W,16.0,1.84,178.61,8
275,24-5-2024 18:56:46.000 ,584949,42.36106, N,-71.08713333333333, W,16.1,1.74,167.3,8
276,24-5-2024 18:56:47.000 ,586196,42.36105166666667, N,-71.08713333333333, W,16.8,1.98,180.66,8
277,24-5-2024 18:56:48.000 ,587200,42.361035, N,-71.08713333333333, W,17.3,2.41,185.65,8
278,24-5-2024 18:56:49.000 ,588320,42.36102666666667, N,-71.08713333333333, W,17.9,2.25,184.65,8
279,24-5-2024 18:56:50.000 ,589344,42.36101, N,-71.08713333333333, W,18.0,2.0,178.35,7
280,24-5-2024 18:56:52.000 ,590950,42.360995, N,-71.087125, W,18.4,1.66,171.55,7
281,24-5-2024 18:56:53.000 ,592196,42.36097, N,-71.08711833333334, W,20.9,1.91,158.23,8
282,24-5-2024 18:56:54.000 ,593322,42.360953333333335, N,-71.08711833333334, W,22.5,1.83,155.32,8
283,24-5-2024 18:56:55.000 ,594324,42.360945, N,-71.08711833333334, W,23.1,1.45,157.59,8
284,24-5-2024 18:56:56.000 ,595335,42.36093, N,-71.08711, W,24.3,1.76,157.82,8
285,24-5-2024 18:56:58.000 ,596951,42.360905, N,-71.08710166666667, W,25.9,1.8,154.96,8
286,24-5-2024 18:56:59.000 ,598197,42.360888333333335, N,-71.08710166666667, W,28.9,1.64,157.11,8
287,24-5-2024 18:57:00.000 ,599320,42.36087166666667, N,-71.08709333333333, W,30.2,1.51,155.82,8
288,24-5-2024 18:57:01.000 ,600323,42.360865, N,-71.087085, W,31.2,1.89,154.33,8
289,24-5-2024 18:57:02.000 ,601325,42.36085666666666, N,-71.087085, W,30.9,1.27,156.64,8
290,24-5-2024 18:57:03.000 ,602333,42.36084833333334, N,-71.08707666666666, W,31.6,1.17,164.33,8
291,24-5-2024 18:57:04.000 ,603336,42.36083166666667, N,-71.08707666666666, W,32.3,1.72,158.88,8
292,24-5-2024 18:57:05.000 ,604337,42.360823333333336, N,-71.08706833333333, W,33.0,2.03,158.34,8
293,24-5-2024 18:57:07.000 ,605948,42.360798333333335, N,-71.08706, W,33.8,1.89,154.0,8
294,24-5-2024 18:57:08.000 ,606949,42.360791666666664, N,-71.08705166666667, W,34.7,1.74,155.4,8
295,24-5-2024 18:57:09.000 ,608196,42.360775, N,-71.08705166666667, W,36.6,1.62,153.99,8
296,24-5-2024 18:57:10.000 ,609204,42.36076666666666, N,-71.087045, W,37.4,2.09,151.1,8
297,24-5-2024 18:57:11.000 ,610320,42.36075833333334, N,-71.08703666666666, W,38.0,0.81,153.56,8
298,24-5-2024 18:57:12.000 ,611325,42.36075, N,-71.08703666666666, W,38.7,0.63,153.56,8
299,24-5-2024 18:57:13.000 ,612335,42.36074166666667, N,-71.08702833333334, W,39.4,0.56,154.75,8
300,24-5-2024 18:57:15.000 ,613950,42.36074166666667, N,-71.08703666666666, W,39.6,0.8,156.56,8
301,24-5-2024 18:57:16.000 ,614952,42.360733333333336, N,-71.08703666666666, W,40.0,0.86,170.21,8
302,24-5-2024 18:57:17.000 ,616195,42.360726666666665, N,-71.08703666666666, W,40.4,1.19,161.64,8
303,24-5-2024 18:57:18.000 ,617319,42.36071833333333, N,-71.08703666666666, W,40.6,1.62,159.97,8
304,24-5-2024 18:57:19.000 ,618325,42.36071, N,-71.08702833333334, W,41.2,1.92,165.3,8
305,24-5-2024 18:57:20.000 ,619336,42.360701666666664, N,-71.08703666666666, W,41.3,0.83,167.84,8
306,24-5-2024 18:57:22.000 ,620949,42.360685, N,-71.08702833333334, W,41.8,1.38,153.1,8
307,24-5-2024 18:57:23.000 ,621950,42.360685, N,-71.08702833333334, W,42.0,0.58,153.1,8
308,24-5-2024 18:57:24.000 ,622962,42.360685, N,-71.08702833333334, W,41.8,0.78,155.26,8
309,24-5-2024 18:57:25.000 ,624075,42.36067666666667, N,-71.08702833333334, W,42.1,0.42,155.26,8
310,24-5-2024 18:57:26.000 ,625076,42.36067666666667, N,-71.08702833333334, W,42.2,0.45,155.26,8
311,24-5-2024 18:57:27.000 ,626321,42.36067666666667, N,-71.08702833333334, W,42.1,0.6,155.26,8
312,24-5-2024 18:57:28.000 ,627323,42.36067666666667, N,-71.08702833333334, W,42.4,0.26,155.26,8
313,24-5-2024 18:57:30.000 ,628951,42.36066833333334, N,-71.08702, W,42.2,0.55,155.26,8
314,24-5-2024 18:57:31.000 ,630071,42.36066833333334, N,-71.08702, W,41.7,0.39,155.26,8
315,24-5-2024 18:57:32.000 ,631075,42.36066833333334, N,-71.08702, W,41.7,0.16,155.26,8
316,24-5-2024 18:57:33.000 ,632322,42.36066, N,-71.08702, W,41.5,0.32,155.26,8
317,24-5-2024 18:57:34.000 ,633326,42.36066, N,-71.08702, W,41.3,0.26,155.26,8
318,24-5-2024 18:57:36.000 ,634951,42.36065333333333, N,-71.08701166666667, W,40.9,0.74,164.09,8
319,24-5-2024 18:57:37.000 ,636071,42.36065333333333, N,-71.08701166666667, W,40.5,0.55,164.09,8
320,24-5-2024 18:57:38.000 ,637074,42.36065333333333, N,-71.08701166666667, W,40.3,0.21,164.09,8
321,24-5-2024 18:57:39.000 ,638321,42.36065333333333, N,-71.08701166666667, W,40.2,0.71,164.09,8
322,24-5-2024 18:57:40.000 ,639324,42.360645, N,-71.08702, W,39.2,0.48,164.09,8
323,24-5-2024 18:57:41.000 ,640333,42.360645, N,-71.08701166666667, W,39.2,1.1,169.76,8
324,24-5-2024 18:57:42.000 ,641336,42.360636666666664, N,-71.08701166666667, W,39.0,1.11,173.75,8
325,24-5-2024 18:57:44.000 ,642946,42.360636666666664, N,-71.08701166666667, W,39.0,1.16,167.79,8
326,24-5-2024 18:57:45.000 ,644190,42.36062833333333, N,-71.08700333333333, W,38.0,1.29,166.93,7
327,24-5-2024 18:57:46.000 ,645193,42.36062, N,-71.08700333333333, W,37.7,2.25,161.14,7
328,24-5-2024 18:57:47.000 ,646314,42.360611666666664, N,-71.086995, W,37.5,1.98,164.29,7
329,24-5-2024 18:57:48.000 ,647320,42.36060333333333, N,-71.086995, W,37.1,2.04,163.15,7
330,24-5-2024 18:57:49.000 ,648327,42.360595, N,-71.08698666666666, W,36.6,2.29,162.49,7
331,24-5-2024 18:57:50.000 ,649331,42.36058833333333, N,-71.08698666666666, W,36.4,2.19,163.97,8
332,24-5-2024 18:57:52.000 ,650947,42.360571666666665, N,-71.08697833333333, W,35.7,1.44,162.13,8
333,24-5-2024 18:57:53.000 ,652196,42.360571666666665, N,-71.08697833333333, W,35.9,1.13,161.15,8
334,24-5-2024 18:57:54.000 ,653196,42.36056333333333, N,-71.08697166666667, W,36.0,0.83,152.31,8
335,24-5-2024 18:57:55.000 ,654316,42.360555, N,-71.08697166666667, W,35.9,1.37,158.78,8
336,24-5-2024 18:57:56.000 ,655319,42.360546666666664, N,-71.08696333333333, W,35.9,1.99,153.42,8
337,24-5-2024 18:57:57.000 ,656325,42.360546666666664, N,-71.08696333333333, W,35.8,1.12,152.58,8
338,24-5-2024 18:57:58.000 ,657326,42.36053833333333, N,-71.086955, W,35.6,1.31,156.88,8
339,24-5-2024 18:58:00.000 ,658945,42.36053, N,-71.08694666666666, W,35.4,1.4,151.59,8
340,24-5-2024 18:58:01.000 ,660191,42.36052166666666, N,-71.08693833333334, W,36.0,1.15,157.79,8
341,24-5-2024 18:58:02.000 ,661195,42.36052166666666, N,-71.08693833333334, W,36.4,1.28,161.37,8
342,24-5-2024 18:58:03.000 ,662315,42.360515, N,-71.08693, W,36.8,1.28,162.43,8
343,24-5-2024 18:58:04.000 ,663318,42.360515, N,-71.08693, W,37.1,1.08,167.28,8
344,24-5-2024 18:58:05.000 ,664327,42.360506666666666, N,-71.08692166666667, W,37.7,1.72,170.68,8
345,24-5-2024 18:58:07.000 ,665945,42.36049833333333, N,-71.08691333333333, W,38.5,0.71,170.68,8
346,24-5-2024 18:58:08.000 ,667069,42.36049, N,-71.08690666666666, W,39.1,1.16,170.68,8
347,24-5-2024 18:58:09.000 ,668188,42.36049, N,-71.08689, W,39.6,1.27,163.88,8
348,24-5-2024 18:58:10.000 ,669316,42.36049, N,-71.08689, W,39.6,0.71,163.88,8
349,24-5-2024 18:58:11.000 ,670325,42.360481666666665, N,-71.08688166666667, W,39.4,1.15,162.87,8
350,24-5-2024 18:58:13.000 ,671941,42.360481666666665, N,-71.08688166666667, W,39.3,1.36,169.94,7
351,24-5-2024 18:58:14.000 ,672947,42.36049, N,-71.08687333333333, W,39.5,0.78,165.59,7
352,24-5-2024 18:58:15.000 ,674063,42.36049, N,-71.08687333333333, W,39.7,0.63,165.59,7
353,24-5-2024 18:58:16.000 ,675066,42.36049, N,-71.086865, W,39.4,1.11,165.64,7
354,24-5-2024 18:58:17.000 ,676314,42.36049833333333, N,-71.086865, W,38.8,0.71,165.64,8
355,24-5-2024 18:58:18.000 ,677319,42.36049833333333, N,-71.08685666666666, W,38.6,0.54,161.9,8
356,24-5-2024 18:58:20.000 ,678939,42.36049833333333, N,-71.08685666666666, W,38.5,0.22,161.9,8
357,24-5-2024 18:58:21.000 ,680064,42.360506666666666, N,-71.08685666666666, W,38.3,0.62,161.9,7
358,24-5-2024 18:58:22.000 ,681071,42.360506666666666, N,-71.08685666666666, W,38.6,0.31,161.9,8
359,24-5-2024 18:58:23.000 ,682191,42.36052166666666, N,-71.08685666666666, W,38.1,1.41,14.86,8
360,24-5-2024 18:58:24.000 ,683199,42.36052166666666, N,-71.08685666666666, W,38.1,0.34,14.86,8
361,24-5-2024 18:58:25.000 ,684318,42.36052166666666, N,-71.08685666666666, W,37.9,0.1,14.86,8
362,24-5-2024 18:58:27.000 ,685938,42.36053, N,-71.08685666666666, W,37.8,0.13,14.86,8
363,24-5-2024 18:58:27.000 ,686942,42.36053, N,-71.08685666666666, W,37.5,0.13,14.86,8
364,24-5-2024 18:58:29.000 ,688065,42.360546666666664, N,-71.08685666666666, W,36.7,0.13,14.86,8
365,24-5-2024 18:58:30.000 ,689070,42.360546666666664, N,-71.08685666666666, W,36.5,0.06,14.86,8
366,24-5-2024 18:58:31.000 ,690313,42.360555, N,-71.08685666666666, W,36.3,0.05,14.86,8
367,24-5-2024 18:58:32.000 ,691317,42.360555, N,-71.08685666666666, W,36.1,0.11,14.86,8
368,24-5-2024 18:58:34.000 ,692941,42.36056333333333, N,-71.08685666666666, W,35.9,0.05,14.86,8
369,24-5-2024 18:58:35.000 ,694064,42.36056333333333, N,-71.08685666666666, W,36.0,0.23,14.86,8
370,24-5-2024 18:58:36.000 ,695072,42.360571666666665, N,-71.08685666666666, W,36.3,0.08,14.86,8
371,24-5-2024 18:58:37.000 ,696191,42.360571666666665, N,-71.08685666666666, W,36.2,0.15,14.86,8
372,24-5-2024 18:58:38.000 ,697311,42.36058, N,-71.08685666666666, W,36.3,0.07,14.86,7
373,24-5-2024 18:58:39.000 ,698315,42.36058, N,-71.08685666666666, W,36.3,0.08,14.86,7
374,24-5-2024 18:58:40.000 ,699319,42.36058833333333, N,-71.08685666666666, W,36.4,0.19,14.86,8
375,24-5-2024 18:58:41.000 ,700362,42.36058833333333, N,-71.08685666666666, W,36.2,0.85,0.53,7
376,24-5-2024 18:58:43.000 ,701943,42.36058833333333, N,-71.08685666666666, W,36.4,0.24,0.53,7
377,24-5-2024 18:58:44.000 ,702944,42.360595, N,-71.08685666666666, W,36.4,0.47,0.53,8
378,24-5-2024 18:58:45.000 ,704068,42.360595, N,-71.08685666666666, W,37.0,0.24,0.53,8
379,24-5-2024 18:58:46.000 ,705316,42.36058833333333, N,-71.08684833333334, W,37.6,0.09,0.53,8
380,24-5-2024 18:58:47.000 ,706355,42.36058833333333, N,-71.08684, W,38.5,0.06,0.53,7
381,24-5-2024 18:58:49.000 ,707938,42.360595, N,-71.08683333333333, W,39.6,0.06,0.53,7
382,24-5-2024 18:58:50.000 ,708943,42.360595, N,-71.08683333333333, W,40.3,0.06,0.53,6
383,24-5-2024 18:58:51.000 ,710063,42.360595, N,-71.08683333333333, W,40.7,0.05,0.53,6
384,24-5-2024 18:58:52.000 ,711069,42.360595, N,-71.08683333333333, W,41.4,0.08,0.53,7
385,24-5-2024 18:58:53.000 ,712191,42.360595, N,-71.086825, W,41.4,0.14,0.53,7
386,24-5-2024 18:58:54.000 ,713313,42.36060333333333, N,-71.08683333333333, W,41.3,0.08,0.53,6
387,24-5-2024 18:58:55.000 ,714317,42.36060333333333, N,-71.08683333333333, W,41.2,0.04,0.53,6
388,24-5-2024 18:58:57.000 ,715939,42.360611666666664, N,-71.08683333333333, W,41.0,0.19,0.53,8
389,24-5-2024 18:58:58.000 ,716942,42.360611666666664, N,-71.08683333333333, W,40.7,0.18,0.53,7
390,24-5-2024 18:58:59.000 ,718065,42.360611666666664, N,-71.08683333333333, W,40.7,0.09,0.53,6
391,24-5-2024 18:59:00.000 ,719067,42.36062, N,-71.08683333333333, W,41.1,0.06,0.53,7
392,24-5-2024 18:59:01.000 ,720190,42.36062, N,-71.08683333333333, W,41.3,0.08,0.53,7
393,24-5-2024 18:59:02.000 ,721321,42.36062, N,-71.08683333333333, W,41.4,0.04,0.53,7
394,24-5-2024 18:59:03.000 ,722328,42.36062833333333, N,-71.086825, W,41.6,0.06,0.53,7
395,24-5-2024 18:59:04.000 ,723329,42.36062833333333, N,-71.086825, W,41.9,0.06,0.53,8
396,24-5-2024 18:59:05.000 ,724330,42.36062, N,-71.08681666666666, W,42.6,0.17,0.53,8
397,24-5-2024 18:59:06.000 ,725331,42.36062, N,-71.08681666666666, W,43.6,0.11,0.53,8
398,24-5-2024 18:59:08.000 ,726948,42.36062, N,-71.08680833333334, W,44.5,0.21,0.53,8
399,24-5-2024 18:59:09.000 ,728070,42.36062, N,-71.0868, W,45.2,0.13,0.53,8
400,24-5-2024 18:59:10.000 ,729072,42.36062833333333, N,-71.0868, W,45.6,0.15,0.53,8
401,24-5-2024 18:59:11.000 ,730315,42.36062833333333, N,-71.0868, W,45.5,0.1,0.53,7
402,24-5-2024 18:59:12.000 ,731325,42.36062833333333, N,-71.0868, W,45.6,0.33,0.53,7
403,24-5-2024 18:59:14.000 ,732950,42.36062833333333, N,-71.0868, W,46.0,0.17,0.53,7
404,24-5-2024 18:59:15.000 ,734071,42.360636666666664, N,-71.0868, W,45.9,0.04,0.53,8
405,24-5-2024 18:59:16.000 ,735072,42.360636666666664, N,-71.0868, W,46.4,0.05,0.53,8
406,24-5-2024 18:59:17.000 ,736194,42.360645, N,-71.0868, W,46.1,0.24,0.53,8
407,24-5-2024 18:59:18.000 ,737317,42.360645, N,-71.0868, W,46.2,0.09,0.53,8
408,24-5-2024 18:59:19.000 ,738357,42.360636666666664, N,-71.0868, W,46.3,0.39,0.53,7
409,24-5-2024 18:59:21.000 ,739940,42.360636666666664, N,-71.08679166666667, W,46.7,0.12,0.53,7
410,24-5-2024 18:59:22.000 ,740941,42.360636666666664, N,-71.08679166666667, W,46.8,0.06,0.53,7
411,24-5-2024 18:59:23.000 ,742063,42.360636666666664, N,-71.08679166666667, W,47.0,0.14,0.53,7
412,24-5-2024 18:59:24.000 ,743079,42.360636666666664, N,-71.08679166666667, W,47.1,0.13,0.53,7
413,24-5-2024 18:59:25.000 ,744194,42.360636666666664, N,-71.08679166666667, W,47.4,0.03,0.53,7
414,24-5-2024 18:59:26.000 ,745320,42.360636666666664, N,-71.08679166666667, W,47.3,0.08,0.53,8
415,24-5-2024 18:59:27.000 ,746360,42.360636666666664, N,-71.08679166666667, W,47.2,0.1,0.53,6
416,24-5-2024 18:59:29.000 ,747940,42.360636666666664, N,-71.08679166666667, W,47.1,0.03,0.53,7
417,24-5-2024 18:59:30.000 ,748945,42.360636666666664, N,-71.08679166666667, W,47.1,0.02,0.53,7
418,24-5-2024 18:59:31.000 ,750065,42.360636666666664, N,-71.08679166666667, W,47.1,0.06,0.53,6
419,24-5-2024 18:59:32.000 ,751066,42.360636666666664, N,-71.08679166666667, W,47.2,0.24,0.53,5
420,24-5-2024 18:59:33.000 ,752190,42.360636666666664, N,-71.08679166666667, W,47.3,0.12,0.53,6
421,24-5-2024 18:59:34.000 ,753317,42.360636666666664, N,-71.08679166666667, W,47.3,0.07,0.53,6
422,24-5-2024 18:59:35.000 ,754351,42.360636666666664, N,-71.08679166666667, W,47.2,0.07,0.53,6
423,24-5-2024 18:59:37.000 ,755937,42.360636666666664, N,-71.0868, W,47.2,0.13,0.53,5
424,24-5-2024 18:59:38.000 ,756939,42.360636666666664, N,-71.0868, W,47.0,0.05,0.53,5
425,24-5-2024 18:59:39.000 ,758061,42.360636666666664, N,-71.0868, W,46.6,0.11,0.53,5
426,24-5-2024 18:59:40.000 ,759064,42.360636666666664, N,-71.0868, W,46.3,0.04,0.53,5
427,24-5-2024 18:59:41.000 ,760188,42.360636666666664, N,-71.08680833333334, W,46.0,0.08,0.53,5
428,24-5-2024 18:59:42.000 ,761314,42.360636666666664, N,-71.08680833333334, W,45.6,0.09,0.53,5
429,24-5-2024 18:59:43.000 ,762315,42.360636666666664, N,-71.08680833333334, W,45.1,0.07,0.53,5
430,24-5-2024 18:59:45.000 ,763937,42.360636666666664, N,-71.08681666666666, W,44.9,0.09,0.53,5
431,24-5-2024 18:59:46.000 ,764939,42.360636666666664, N,-71.08681666666666, W,44.6,0.04,0.53,5
432,24-5-2024 18:59:47.000 ,766062,42.360636666666664, N,-71.08681666666666, W,43.7,0.04,0.53,6
433,24-5-2024 18:59:48.000 ,767069,42.360636666666664, N,-71.08681666666666, W,43.5,0.13,0.53,6
434,24-5-2024 18:59:49.000 ,768193,42.360636666666664, N,-71.08681666666666, W,43.4,0.04,0.53,6
435,24-5-2024 18:59:50.000 ,769315,42.360636666666664, N,-71.08681666666666, W,43.4,0.1,0.53,5
436,24-5-2024 18:59:51.000 ,770353,42.360636666666664, N,-71.08681666666666, W,43.4,0.05,0.53,6
437,24-5-2024 18:59:53.000 ,771940,42.360636666666664, N,-71.086825, W,43.2,0.04,0.53,6
438,24-5-2024 18:59:54.000 ,772944,42.360636666666664, N,-71.086825, W,43.0,0.05,0.53,6
439,24-5-2024 18:59:55.000 ,774064,42.360636666666664, N,-71.086825, W,42.6,0.06,0.53,7
440,24-5-2024 18:59:56.000 ,775070,42.360636666666664, N,-71.086825, W,42.4,0.02,0.53,6
441,24-5-2024 18:59:57.000 ,776192,42.360645, N,-71.086825, W,42.6,0.3,0.53,8
442,24-5-2024 18:59:58.000 ,777318,42.360645, N,-71.086825, W,42.6,0.6,0.53,8
443,24-5-2024 18:59:59.000 ,778364,42.36065333333333, N,-71.086825, W,42.4,0.43,0.53,8
444,24-5-2024 19:00:01.000 ,779944,42.36065333333333, N,-71.08681666666666, W,42.5,0.04,0.53,8
445,24-5-2024 19:00:01.000 ,780946,42.36065333333333, N,-71.08681666666666, W,43.1,0.04,0.53,8
446,24-5-2024 19:00:03.000 ,782069,42.36066, N,-71.08681666666666, W,43.3,0.35,0.53,8
447,24-5-2024 19:00:04.000 ,783195,42.36065333333333, N,-71.08680833333334, W,44.1,0.66,0.53,8
448,24-5-2024 19:00:05.000 ,784310,42.36065333333333, N,-71.08680833333334, W,43.7,0.14,0.53,7
449,24-5-2024 19:00:06.000 ,785314,42.36065333333333, N,-71.08680833333334, W,43.4,0.12,0.53,7
450,24-5-2024 19:00:07.000 ,786315,42.36065333333333, N,-71.08680833333334, W,43.0,0.09,0.53,7
451,24-5-2024 19:00:08.000 ,787318,42.36065333333333, N,-71.08680833333334, W,42.7,0.13,0.53,7
452,24-5-2024 19:00:10.000 ,788942,42.36065333333333, N,-71.08680833333334, W,42.6,0.05,0.53,7
453,24-5-2024 19:00:11.000 ,790063,42.36065333333333, N,-71.08680833333334, W,42.2,0.48,0.53,7
454,24-5-2024 19:00:12.000 ,791065,42.36066, N,-71.08681666666666, W,42.0,1.03,344.4,7
455,24-5-2024 19:00:13.000 ,792187,42.36066, N,-71.08680833333334, W,42.0,0.22,344.4,6
456,24-5-2024 19:00:14.000 ,793189,42.36066, N,-71.08681666666666, W,41.6,0.06,344.4,7
457,24-5-2024 19:00:15.000 ,794313,42.36065333333333, N,-71.08681666666666, W,40.9,0.5,344.4,6
458,24-5-2024 19:00:17.000 ,795937,42.36065333333333, N,-71.08681666666666, W,40.5,0.1,344.4,7
459,24-5-2024 19:00:18.000 ,796939,42.36065333333333, N,-71.08681666666666, W,40.4,0.89,344.4,7
460,24-5-2024 19:00:19.000 ,798062,42.36065333333333, N,-71.08681666666666, W,39.6,0.09,344.4,7
461,24-5-2024 19:00:20.000 ,799067,42.36065333333333, N,-71.08681666666666, W,39.5,0.05,344.4,7
462,24-5-2024 19:00:21.000 ,800187,42.36065333333333, N,-71.08681666666666, W,39.6,0.09,344.4,7
463,24-5-2024 19:00:22.000 ,801191,42.36066, N,-71.08681666666666, W,39.4,0.16,344.4,7
464,24-5-2024 19:00:23.000 ,802315,42.36066, N,-71.086825, W,39.3,0.08,344.4,7
465,24-5-2024 19:00:24.000 ,803324,42.36066, N,-71.08681666666666, W,39.3,0.17,344.4,7
466,24-5-2024 19:00:26.000 ,804938,42.36066, N,-71.08681666666666, W,39.3,0.09,344.4,7
467,24-5-2024 19:00:27.000 ,806060,42.36066, N,-71.08681666666666, W,39.3,0.09,344.4,7
468,24-5-2024 19:00:28.000 ,807068,42.36066, N,-71.08681666666666, W,39.3,0.14,344.4,7
469,24-5-2024 19:00:29.000 ,808311,42.36066833333334, N,-71.086825, W,39.3,0.07,344.4,7
470,24-5-2024 19:00:30.000 ,809313,42.36066833333334, N,-71.08681666666666, W,39.6,0.05,344.4,7
471,24-5-2024 19:00:31.000 ,810321,42.36067666666667, N,-71.086825, W,39.6,0.03,344.4,7
472,24-5-2024 19:00:32.000 ,811324,42.36066833333334, N,-71.08681666666666, W,40.2,0.12,344.4,7
473,24-5-2024 19:00:34.000 ,812938,42.36066833333334, N,-71.08681666666666, W,40.5,0.08,344.4,7
474,24-5-2024 19:00:35.000 ,814062,42.36066833333334, N,-71.086825, W,39.3,0.2,344.4,6
475,24-5-2024 19:00:36.000 ,815066,42.36066833333334, N,-71.086825, W,39.0,0.14,344.4,7
476,24-5-2024 19:00:37.000 ,816312,42.36066833333334, N,-71.086825, W,38.5,0.03,344.4,7
477,24-5-2024 19:00:38.000 ,817335,42.36066, N,-71.08681666666666, W,38.7,1.33,133.47,7
478,24-5-2024 19:00:39.000 ,818338,42.36066, N,-71.08681666666666, W,38.7,0.61,138.66,7
479,24-5-2024 19:00:41.000 ,819938,42.36065333333333, N,-71.08681666666666, W,38.4,0.22,138.66,7
480,24-5-2024 19:00:42.000 ,821064,42.36065333333333, N,-71.08681666666666, W,38.2,0.14,138.66,7
481,24-5-2024 19:00:43.000 ,822068,42.360645, N,-71.08681666666666, W,38.2,0.08,138.66,7
482,24-5-2024 19:00:44.000 ,823314,42.360645, N,-71.08681666666666, W,38.1,0.12,138.66,6
483,24-5-2024 19:00:45.000 ,824323,42.360645, N,-71.08681666666666, W,38.5,0.74,138.66,7
484,24-5-2024 19:00:46.000 ,825330,42.36065333333333, N,-71.086825, W,38.3,1.04,138.66,7
485,24-5-2024 19:00:48.000 ,826943,42.36066, N,-71.08681666666666, W,38.4,1.17,61.74,7
486,24-5-2024 19:00:49.000 ,828190,42.36066833333334, N,-71.08681666666666, W,38.2,1.43,23.05,7
487,24-5-2024 19:00:50.000 ,829315,42.36067666666667, N,-71.08680833333334, W,37.9,1.24,18.96,7
488,24-5-2024 19:00:51.000 ,830334,42.360685, N,-71.08680833333334, W,37.4,1.46,5.21,7
489,24-5-2024 19:00:53.000 ,831938,42.360701666666664, N,-71.08680833333334, W,37.6,0.98,5.47,7
490,24-5-2024 19:00:54.000 ,832943,42.36071, N,-71.08680833333334, W,37.7,1.0,5.47,7
491,24-5-2024 19:00:55.000 ,834186,42.36071, N,-71.0868, W,37.1,1.24,13.74,7
492,24-5-2024 19:00:56.000 ,835188,42.36071833333333, N,-71.0868, W,36.7,1.34,1.14,7
493,24-5-2024 19:00:57.000 ,836313,42.360726666666665, N,-71.0868, W,36.4,1.52,8.37,7
494,24-5-2024 19:00:58.000 ,837321,42.360733333333336, N,-71.08679166666667, W,36.4,1.6,15.47,7
495,24-5-2024 19:01:00.000 ,838939,42.36074166666667, N,-71.08679166666667, W,36.3,0.46,12.7,7
496,24-5-2024 19:01:01.000 ,840185,42.36074166666667, N,-71.08679166666667, W,37.0,0.6,354.97,7
497,24-5-2024 19:01:02.000 ,841314,42.360733333333336, N,-71.086775, W,37.8,0.46,354.97,7
498,24-5-2024 19:01:03.000 ,842323,42.360733333333336, N,-71.08676833333334, W,38.2,0.56,354.97,7
499,24-5-2024 19:01:04.000 ,843326,42.360726666666665, N,-71.08676, W,38.9,1.07,354.97,7
500,24-5-2024 19:01:06.000 ,844939,42.36069333333333, N,-71.086735, W,40.0,1.51,124.03,7
501,24-5-2024 19:01:07.000 ,845940,42.36066833333334, N,-71.08672666666666, W,42.0,2.01,145.78,7
502,24-5-2024 19:01:08.000 ,847188,42.360645, N,-71.08670166666667, W,44.4,2.98,145.32,7
503,24-5-2024 19:01:09.000 ,848309,42.36062833333333, N,-71.08668666666667, W,45.1,3.48,142.72,7
504,24-5-2024 19:01:10.000 ,849314,42.36062, N,-71.08667, W,45.2,2.61,136.59,7
505,24-5-2024 19:01:11.000 ,850323,42.360611666666664, N,-71.08665333333333, W,45.2,2.53,128.21,7
506,24-5-2024 19:01:12.000 ,851336,42.36062, N,-71.086645, W,44.4,2.42,115.93,7
507,24-5-2024 19:01:14.000 ,852937,42.36062, N,-71.08663666666666, W,44.6,0.92,115.93,7
508,24-5-2024 19:01:15.000 ,854183,42.360611666666664, N,-71.08663, W,42.3,1.57,117.8,6
509,24-5-2024 19:01:16.000 ,855311,42.36062, N,-71.08663, W,41.9,1.11,117.8,6
510,24-5-2024 19:01:17.000 ,856319,42.36062833333333, N,-71.08663666666666, W,40.5,1.09,117.8,6
511,24-5-2024 19:01:19.000 ,857935,42.36062833333333, N,-71.08663666666666, W,39.6,0.34,117.8,6
512,24-5-2024 19:01:20.000 ,858937,42.36062833333333, N,-71.08663666666666, W,39.1,1.05,117.8,6
513,24-5-2024 19:01:21.000 ,860063,42.36062833333333, N,-71.08663, W,38.3,1.14,117.8,6
514,24-5-2024 19:01:22.000 ,861065,42.360636666666664, N,-71.08662166666667, W,37.7,1.36,117.8,6
515,24-5-2024 19:01:23.000 ,862186,42.360645, N,-71.08661333333333, W,37.4,1.77,83.52,7
516,24-5-2024 19:01:24.000 ,863319,42.36065333333333, N,-71.08661333333333, W,36.2,1.38,83.52,7
517,24-5-2024 19:01:26.000 ,864941,42.36066833333334, N,-71.08659666666667, W,35.7,1.76,73.93,7
518,24-5-2024 19:01:27.000 ,866186,42.36066833333334, N,-71.08659666666667, W,33.9,1.82,73.27,7
519,24-5-2024 19:01:28.000 ,867189,42.36067666666667, N,-71.08658833333334, W,33.2,1.65,74.77,7
520,24-5-2024 19:01:29.000 ,868311,42.360685, N,-71.08658, W,32.3,1.7,67.66,7
521,24-5-2024 19:01:30.000 ,869314,42.36069333333333, N,-71.08657166666667, W,31.3,1.28,67.88,7
522,24-5-2024 19:01:31.000 ,870319,42.36069333333333, N,-71.08656333333333, W,31.1,1.64,73.78,7
523,24-5-2024 19:01:32.000 ,871340,42.360701666666664, N,-71.08655666666667, W,30.6,1.66,75.23,7
524,24-5-2024 19:01:34.000 ,872940,42.36071833333333, N,-71.08654833333334, W,29.6,1.57,64.01,7
525,24-5-2024 19:01:35.000 ,874186,42.360726666666665, N,-71.08654833333334, W,28.1,1.76,54.68,7
526,24-5-2024 19:01:36.000 ,875308,42.360726666666665, N,-71.08654, W,27.8,1.27,58.1,7
527,24-5-2024 19:01:37.000 ,876313,42.360726666666665, N,-71.08653166666667, W,26.7,1.69,66.75,7
528,24-5-2024 19:01:38.000 ,877314,42.360733333333336, N,-71.08653166666667, W,25.7,1.13,66.43,7
529,24-5-2024 19:01:39.000 ,878332,42.36074166666667, N,-71.08652333333333, W,25.0,1.76,60.38,7
530,24-5-2024 19:01:40.000 ,879337,42.36075, N,-71.086515, W,24.6,1.78,63.03,7
531,24-5-2024 19:01:42.000 ,880938,42.36075, N,-71.08649833333334, W,23.8,1.24,62.2,7
532,24-5-2024 19:01:43.000 ,882184,42.36075833333334, N,-71.08649833333334, W,23.0,1.22,52.37,7
533,24-5-2024 19:01:44.000 ,883310,42.36075833333334, N,-71.08649166666666, W,22.9,1.03,52.37,7
534,24-5-2024 19:01:45.000 ,884317,42.36076666666666, N,-71.08648333333333, W,22.6,1.2,28.09,6
535,24-5-2024 19:01:47.000 ,885933,42.360775, N,-71.08648333333333, W,22.2,1.27,24.68,6
536,24-5-2024 19:01:48.000 ,886938,42.36078333333333, N,-71.086475, W,22.0,1.42,25.45,7
537,24-5-2024 19:01:49.000 ,888184,42.36078333333333, N,-71.08646666666667, W,21.3,1.36,27.52,7
538,24-5-2024 19:01:50.000 ,889309,42.360791666666664, N,-71.08646666666667, W,20.7,1.56,44.97,7
539,24-5-2024 19:01:51.000 ,890317,42.360791666666664, N,-71.08645, W,20.3,2.04,51.78,7
540,24-5-2024 19:01:53.000 ,891937,42.36080666666667, N,-71.08644166666667, W,20.2,1.85,38.03,6
541,24-5-2024 19:01:54.000 ,893182,42.360815, N,-71.08643333333333, W,19.7,1.86,40.6,7
542,24-5-2024 19:01:55.000 ,894183,42.360823333333336, N,-71.086425, W,19.5,1.7,41.35,7
543,24-5-2024 19:01:56.000 ,895185,42.36084, N,-71.086425, W,18.8,2.59,7.65,7
544,24-5-2024 19:01:57.000 ,896308,42.36084833333334, N,-71.08643333333333, W,18.5,2.62,359.57,7
545,24-5-2024 19:01:58.000 ,897310,42.36085666666666, N,-71.086425, W,18.1,2.42,6.33,6
546,24-5-2024 19:01:59.000 ,898317,42.360865, N,-71.08641833333333, W,18.0,2.05,23.04,6
547,24-5-2024 19:02:00.000 ,899319,42.36087166666667, N,-71.08641, W,17.5,2.11,28.36,6
548,24-5-2024 19:02:02.000 ,900940,42.360888333333335, N,-71.08639333333333, W,17.0,1.71,31.63,6
549,24-5-2024 19:02:03.000 ,902182,42.36089666666667, N,-71.08639333333333, W,16.9,1.83,35.43,7
550,24-5-2024 19:02:04.000 ,903189,42.360905, N,-71.08637666666667, W,17.3,1.88,35.58,7
551,24-5-2024 19:02:05.000 ,904307,42.360913333333336, N,-71.08636833333334, W,17.4,1.81,42.9,7
552,24-5-2024 19:02:06.000 ,905312,42.360913333333336, N,-71.08636, W,17.7,1.57,48.14,7
553,24-5-2024 19:02:07.000 ,906314,42.36092166666667, N,-71.08636, W,17.6,1.37,37.29,7
554,24-5-2024 19:02:08.000 ,907339,42.36093666666667, N,-71.08636, W,18.1,2.21,12.42,7
555,24-5-2024 19:02:09.000 ,908372,42.36093666666667, N,-71.086345, W,18.9,1.87,17.93,7
556,24-5-2024 19:02:11.000 ,909936,42.360945, N,-71.086345, W,18.5,1.06,25.87,7
557,24-5-2024 19:02:12.000 ,910939,42.360953333333335, N,-71.086345, W,18.3,1.73,359.79,7
558,24-5-2024 19:02:13.000 ,912186,42.36097, N,-71.086345, W,17.8,1.83,357.48,7
559,24-5-2024 19:02:14.000 ,913191,42.360978333333335, N,-71.08635333333334, W,17.1,1.69,358.07,7
560,24-5-2024 19:02:15.000 ,914312,42.36098666666667, N,-71.08635333333334, W,16.7,2.37,357.81,7
561,24-5-2024 19:02:16.000 ,915372,42.360995, N,-71.08635333333334, W,16.2,1.89,358.49,7
562,24-5-2024 19:02:18.000 ,916939,42.36101, N,-71.08635333333334, W,15.9,2.17,9.05,7
563,24-5-2024 19:02:19.000 ,918183,42.361018333333334, N,-71.086345, W,15.9,1.91,8.63,7
564,24-5-2024 19:02:20.000 ,919185,42.361018333333334, N,-71.08633666666667, W,15.8,2.09,13.4,7
565,24-5-2024 19:02:21.000 ,920310,42.36102666666667, N,-71.08633666666667, W,15.5,1.92,15.13,7
566,24-5-2024 19:02:22.000 ,921312,42.36102666666667, N,-71.08632833333333, W,15.6,2.26,9.11,7
567,24-5-2024 19:02:23.000 ,922317,42.36102666666667, N,-71.08632833333333, W,15.4,1.62,6.29,7
568,24-5-2024 19:02:24.000 ,923319,42.361035, N,-71.08632833333333, W,15.5,1.87,6.73,7
569,24-5-2024 19:02:25.000 ,924322,42.361043333333335, N,-71.08631166666666, W,15.5,2.07,18.58,7
570,24-5-2024 19:02:27.000 ,925934,42.36105166666667, N,-71.08630333333333, W,15.3,1.8,17.98,7
571,24-5-2024 19:02:28.000 ,926939,42.36106, N,-71.08630333333333, W,15.3,1.44,14.62,7
572,24-5-2024 19:02:29.000 ,928058,42.361068333333336, N,-71.08630333333333, W,15.6,1.22,14.62,6
573,24-5-2024 19:02:30.000 ,929189,42.36107666666667, N,-71.086295, W,15.8,1.2,15.5,7
574,24-5-2024 19:02:31.000 ,930309,42.36107666666667, N,-71.08628666666667, W,16.2,1.8,24.53,7
575,24-5-2024 19:02:32.000 ,931312,42.36108333333333, N,-71.08628666666667, W,16.5,2.03,18.2,7
576,24-5-2024 19:02:33.000 ,932335,42.36109166666667, N,-71.08628666666667, W,16.6,1.85,7.28,7
577,24-5-2024 19:02:35.000 ,933935,42.361108333333334, N,-71.08628666666667, W,16.6,2.06,358.54,7
578,24-5-2024 19:02:36.000 ,935183,42.36111666666667, N,-71.08628, W,16.9,2.4,1.69,7
579,24-5-2024 19:02:37.000 ,936186,42.361125, N,-71.08628, W,16.9,2.01,5.13,8
580,24-5-2024 19:02:38.000 ,937310,42.361133333333335, N,-71.08627166666666, W,17.2,2.18,7.83,8
581,24-5-2024 19:02:39.000 ,938340,42.36114166666667, N,-71.08628, W,17.3,1.77,358.15,8
582,24-5-2024 19:02:40.000 ,939344,42.36114833333333, N,-71.08628, W,17.5,1.56,359.94,8
583,24-5-2024 19:02:42.000 ,940939,42.361156666666666, N,-71.08627166666666, W,17.8,1.94,10.46,8
584,24-5-2024 19:02:43.000 ,942185,42.361165, N,-71.08626333333333, W,17.8,1.68,8.35,8
585,24-5-2024 19:02:44.000 ,943186,42.36117333333333, N,-71.08627166666666, W,17.5,1.99,353.36,6
586,24-5-2024 19:02:45.000 ,944307,42.36118166666667, N,-71.08626333333333, W,18.1,1.48,356.36,7
587,24-5-2024 19:02:46.000 ,945314,42.36118166666667, N,-71.086255, W,18.3,1.58,12.03,8
588,24-5-2024 19:02:47.000 ,946342,42.36118166666667, N,-71.086255, W,19.6,0.7,354.79,8
589,24-5-2024 19:02:49.000 ,947938,42.36119, N,-71.08624666666667, W,19.7,1.78,33.69,8
590,24-5-2024 19:02:50.000 ,948940,42.361198333333334, N,-71.08623833333333, W,20.3,1.68,27.76,8
591,24-5-2024 19:02:51.000 ,950183,42.36120666666667, N,-71.08623833333333, W,20.6,1.23,27.2,8
592,24-5-2024 19:02:52.000 ,951188,42.36120666666667, N,-71.08623833333333, W,20.9,1.34,6.98,8
593,24-5-2024 19:02:53.000 ,952310,42.361215, N,-71.08623, W,21.7,1.54,12.16,8
594,24-5-2024 19:02:54.000 ,953315,42.361215, N,-71.08623, W,22.7,1.91,6.05,8
595,24-5-2024 19:02:55.000 ,954321,42.361215, N,-71.08622166666666, W,23.6,1.46,13.18,7
596,24-5-2024 19:02:57.000 ,955935,42.36123, N,-71.08620666666667, W,24.2,1.27,7.25,7
597,24-5-2024 19:02:57.000 ,956938,42.36123, N,-71.08620666666667, W,25.0,1.27,7.25,8
598,24-5-2024 19:02:59.000 ,958062,42.36123833333333, N,-71.08620666666667, W,25.8,1.36,20.63,7
599,24-5-2024 19:03:00.000 ,959063,42.36123833333333, N,-71.08619833333333, W,25.9,0.9,12.0,7
600,24-5-2024 19:03:01.000 ,960186,42.361246666666666, N,-71.08619833333333, W,26.5,1.04,15.3,7
601,24-5-2024 19:03:02.000 ,961189,42.361246666666666, N,-71.08619833333333, W,26.9,1.05,15.3,7
602,24-5-2024 19:03:03.000 ,962306,42.361246666666666, N,-71.08619, W,27.7,1.44,17.23,7
603,24-5-2024 19:03:04.000 ,963312,42.361246666666666, N,-71.08618166666666, W,29.1,1.45,15.25,7
604,24-5-2024 19:03:06.000 ,964939,42.36123833333333, N,-71.08615666666667, W,32.9,0.9,15.25,8
605,24-5-2024 19:03:07.000 ,966061,42.36123833333333, N,-71.08615666666667, W,33.8,1.29,14.6,8
606,24-5-2024 19:03:08.000 ,967184,42.361246666666666, N,-71.08615666666667, W,34.3,1.49,5.62,8
607,24-5-2024 19:03:09.000 ,968186,42.361246666666666, N,-71.08614833333333, W,36.6,1.35,6.98,8
608,24-5-2024 19:03:10.000 ,969187,42.36123833333333, N,-71.08614166666666, W,39.0,1.57,10.44,8
609,24-5-2024 19:03:11.000 ,970310,42.36123833333333, N,-71.086125, W,40.5,1.62,23.21,8
610,24-5-2024 19:03:13.000 ,971938,42.361255, N,-71.086125, W,39.8,1.4,21.37,8
611,24-5-2024 19:03:14.000 ,973057,42.36126333333333, N,-71.08611666666667, W,40.1,1.53,24.82,7
612,24-5-2024 19:03:15.000 ,974062,42.361255, N,-71.08610833333333, W,41.8,1.19,21.07,8
613,24-5-2024 19:03:16.000 ,975065,42.36126333333333, N,-71.0861, W,42.5,0.88,30.51,7
614,24-5-2024 19:03:17.000 ,976187,42.361255, N,-71.08608333333333, W,44.2,1.07,30.51,8
615,24-5-2024 19:03:18.000 ,977189,42.361255, N,-71.08606, W,47.5,0.88,30.51,8
616,24-5-2024 19:03:19.000 ,978308,42.361255, N,-71.08606, W,48.8,0.6,30.51,8
617,24-5-2024 19:03:20.000 ,979314,42.361255, N,-71.08605166666666, W,49.8,0.36,30.51,7
618,24-5-2024 19:03:22.000 ,980940,42.36123833333333, N,-71.08602666666667, W,50.7,1.02,30.51,8
619,24-5-2024 19:03:23.000 ,982058,42.361246666666666, N,-71.08601833333333, W,54.9,1.05,30.51,7
620,24-5-2024 19:03:24.000 ,983072,42.361246666666666, N,-71.08600333333334, W,56.8,1.17,30.41,8
621,24-5-2024 19:03:25.000 ,984183,42.361246666666666, N,-71.08598666666667, W,59.3,0.73,18.1,8
622,24-5-2024 19:03:26.000 ,985188,42.361246666666666, N,-71.08598666666667, W,60.2,1.05,320.08,8
623,24-5-2024 19:03:27.000 ,986308,42.361255, N,-71.08598666666667, W,59.9,0.59,315.39,7
624,24-5-2024 19:03:28.000 ,987314,42.361255, N,-71.08597, W,63.1,0.52,315.39,8
625,24-5-2024 19:03:30.000 ,988939,42.36126333333333, N,-71.08595333333334, W,63.5,1.22,359.69,8
626,24-5-2024 19:03:31.000 ,990061,42.361255, N,-71.08593666666667, W,67.1,0.65,359.69,7
627,24-5-2024 19:03:32.000 ,991061,42.361246666666666, N,-71.08592166666666, W,70.4,1.18,320.05,7
628,24-5-2024 19:03:33.000 ,992187,42.361246666666666, N,-71.08593, W,71.2,1.09,316.14,8
629,24-5-2024 19:03:34.000 ,993190,42.36123833333333, N,-71.08591333333334, W,74.8,1.13,316.14,8
630,24-5-2024 19:03:35.000 ,994310,42.361246666666666, N,-71.08592166666666, W,74.6,0.42,316.14,8
631,24-5-2024 19:03:37.000 ,995938,42.361221666666665, N,-71.08589666666667, W,77.6,0.85,321.52,7
632,24-5-2024 19:03:38.000 ,996939,42.361221666666665, N,-71.08588833333333, W,80.0,0.86,321.71,8
633,24-5-2024 19:03:39.000 ,998060,42.361215, N,-71.08588, W,84.1,0.58,321.71,8
634,24-5-2024 19:03:40.000 ,999061,42.361215, N,-71.08588833333333, W,84.5,0.37,321.71,8
635,24-5-2024 19:03:41.000 ,1000184,42.361215, N,-71.08588833333333, W,85.4,0.11,321.71,8
636,24-5-2024 19:03:42.000 ,1001185,42.361215, N,-71.08588833333333, W,85.9,0.53,321.71,7
637,24-5-2024 19:03:43.000 ,1002307,42.361215, N,-71.08588, W,87.0,0.12,321.71,8
638,24-5-2024 19:03:44.000 ,1003311,42.361198333333334, N,-71.08588, W,89.3,0.5,321.71,8
639,24-5-2024 19:03:46.000 ,1004938,42.36117333333333, N,-71.08585666666667, W,90.8,1.61,198.16,8
640,24-5-2024 19:03:47.000 ,1006063,42.361165, N,-71.08584833333333, W,96.5,1.58,183.93,8
641,24-5-2024 19:03:48.000 ,1007187,42.36114833333333, N,-71.08584833333333, W,98.2,2.09,179.63,8
642,24-5-2024 19:03:49.000 ,1008307,42.36114833333333, N,-71.08584833333333, W,99.2,1.88,182.61,7
643,24-5-2024 19:03:50.000 ,1009312,42.36114166666667, N,-71.08584833333333, W,100.1,1.36,187.28,7
644,24-5-2024 19:03:52.000 ,1010939,42.361125, N,-71.08585666666667, W,101.5,1.51,213.64,7
645,24-5-2024 19:03:53.000 ,1012062,42.361125, N,-71.08585666666667, W,102.7,1.53,196.69,8
646,24-5-2024 19:03:54.000 ,1013184,42.36111666666667, N,-71.08584833333333, W,104.0,1.76,178.53,8
647,24-5-2024 19:03:55.000 ,1014186,42.361108333333334, N,-71.08584, W,106.0,1.34,168.48,8
648,24-5-2024 19:03:56.000 ,1015312,42.361108333333334, N,-71.08584, W,107.2,0.96,181.93,8
649,24-5-2024 19:03:58.000 ,1016936,42.361108333333334, N,-71.08584, W,108.4,1.22,187.69,7
650,24-5-2024 19:03:59.000 ,1018058,42.36109166666667, N,-71.08583166666666, W,111.9,1.39,177.37,8
651,24-5-2024 19:04:00.000 ,1019060,42.36109166666667, N,-71.08583166666666, W,113.6,1.17,182.37,8
652,24-5-2024 19:04:01.000 ,1020183,42.36108333333333, N,-71.08583166666666, W,115.5,1.15,182.37,8
653,24-5-2024 19:04:02.000 ,1021189,42.36107666666667, N,-71.08582333333334, W,117.0,0.85,181.48,8
654,24-5-2024 19:04:03.000 ,1022309,42.36107666666667, N,-71.08583166666666, W,117.7,1.06,185.83,8
655,24-5-2024 19:04:04.000 ,1023312,42.361068333333336, N,-71.08583166666666, W,119.2,1.56,199.65,8
656,24-5-2024 19:04:06.000 ,1024936,42.36105166666667, N,-71.085815, W,120.6,1.26,188.48,8
657,24-5-2024 19:04:07.000 ,1026059,42.361043333333335, N,-71.085815, W,123.0,1.94,181.92,8
658,24-5-2024 19:04:08.000 ,1027061,42.361035, N,-71.085815, W,124.3,0.85,181.92,8
659,24-5-2024 19:04:09.000 ,1028184,42.361035, N,-71.08580666666667, W,125.3,0.81,181.92,8
660,24-5-2024 19:04:10.000 ,1029187,42.36102666666667, N,-71.08580666666667, W,127.0,0.97,181.92,8
661,24-5-2024 19:04:11.000 ,1030308,42.36102666666667, N,-71.08580666666667, W,128.8,0.14,181.92,8
662,24-5-2024 19:04:13.000 ,1031931,42.361018333333334, N,-71.08580666666667, W,130.7,0.53,181.92,8
663,24-5-2024 19:04:14.000 ,1032938,42.36101, N,-71.08580666666667, W,131.6,0.36,181.92,8
664,24-5-2024 19:04:15.000 ,1034058,42.36101, N,-71.08580666666667, W,135.0,0.23,181.92,8
665,24-5-2024 19:04:16.000 ,1035183,42.361003333333336, N,-71.08580666666667, W,136.4,0.28,181.92,7
666,24-5-2024 19:04:17.000 ,1036302,42.361003333333336, N,-71.08580666666667, W,137.2,0.63,181.92,6
667,24-5-2024 19:04:18.000 ,1037309,42.361003333333336, N,-71.08580666666667, W,138.3,0.84,181.92,7
668,24-5-2024 19:04:20.000 ,1038937,42.36098666666667, N,-71.08580666666667, W,140.0,1.41,187.16,7
669,24-5-2024 19:04:21.000 ,1040056,42.360978333333335, N,-71.085815, W,142.4,1.23,187.16,7
670,24-5-2024 19:04:22.000 ,1041061,42.360978333333335, N,-71.08583166666666, W,142.3,1.33,187.16,8
671,24-5-2024 19:04:23.000 ,1042182,42.360978333333335, N,-71.08584833333333, W,142.9,1.21,187.16,8
672,24-5-2024 19:04:24.000 ,1043195,42.36097, N,-71.08585666666667, W,143.6,1.39,202.66,8
673,24-5-2024 19:04:25.000 ,1044309,42.36096166666667, N,-71.085865, W,144.8,1.3,202.66,8
674,24-5-2024 19:04:26.000 ,1045311,42.360945, N,-71.08588, W,145.8,1.92,202.66,8
675,24-5-2024 19:04:28.000 ,1046939,42.360913333333336, N,-71.08593666666667, W,146.2,2.52,222.06,8
676,24-5-2024 19:04:29.000 ,1048059,42.360905, N,-71.085945, W,147.5,2.18,223.02,8
677,24-5-2024 19:04:30.000 ,1049061,42.36089666666667, N,-71.08596166666666, W,148.8,1.93,220.65,8
678,24-5-2024 19:04:31.000 ,1050184,42.360888333333335, N,-71.08597, W,149.5,1.39,220.65,8
679,24-5-2024 19:04:32.000 ,1051306,42.36087166666667, N,-71.08598666666667, W,150.6,1.83,220.65,7
680,24-5-2024 19:04:34.000 ,1052930,42.36085666666666, N,-71.08601833333333, W,151.2,1.92,214.54,7
681,24-5-2024 19:04:35.000 ,1053933,42.36084833333334, N,-71.086035, W,151.0,2.01,211.81,7
682,24-5-2024 19:04:36.000 ,1054936,42.36083166666667, N,-71.08605166666666, W,150.8,2.19,204.32,7
683,24-5-2024 19:04:37.000 ,1056061,42.360823333333336, N,-71.08607666666667, W,150.9,2.01,208.86,8
684,24-5-2024 19:04:38.000 ,1057186,42.360815, N,-71.08611666666667, W,149.7,1.77,213.29,8
685,24-5-2024 19:04:39.000 ,1058305,42.36080666666667, N,-71.08614166666666, W,149.0,1.29,213.29,7
686,24-5-2024 19:04:40.000 ,1059307,42.36084, N,-71.08619, W,144.1,1.61,227.41,7
687,24-5-2024 19:04:42.000 ,1060936,42.36087166666667, N,-71.08627166666666, W,138.1,0.93,234.88,7
688,24-5-2024 19:04:43.000 ,1062056,42.36087166666667, N,-71.08628666666667, W,136.0,1.13,233.9,7
689,24-5-2024 19:04:44.000 ,1063061,42.360865, N,-71.08631166666666, W,135.7,0.94,233.9,7
690,24-5-2024 19:04:45.000 ,1064177,42.360865, N,-71.08632833333333, W,134.5,1.43,233.9,7
691,24-5-2024 19:04:46.000 ,1065182,42.36085666666666, N,-71.086345, W,133.5,1.63,228.96,7
692,24-5-2024 19:04:47.000 ,1066305,42.360865, N,-71.08636833333334, W,131.0,0.97,228.96,7
693,24-5-2024 19:04:48.000 ,1067308,42.36088, N,-71.08640166666666, W,127.4,0.79,228.96,7
694,24-5-2024 19:04:49.000 ,1068310,42.36088, N,-71.08641, W,126.1,0.52,228.96,7
695,24-5-2024 19:04:51.000 ,1069927,42.360888333333335, N,-71.086425, W,124.3,0.93,228.96,6
696,24-5-2024 19:04:52.000 ,1070928,42.36089666666667, N,-71.08644166666667, W,123.7,0.75,228.96,6
697,24-5-2024 19:04:53.000 ,1071931,42.36092166666667, N,-71.08646666666667, W,121.8,0.58,228.96,6
698,24-5-2024 19:04:54.000 ,1072932,42.360953333333335, N,-71.08649833333334, W,118.2,1.88,264.09,7
699,24-5-2024 19:04:55.000 ,1074055,42.36096166666667, N,-71.08652333333333, W,111.4,1.8,263.33,7
700,24-5-2024 19:04:56.000 ,1075056,42.36096166666667, N,-71.08654, W,109.9,1.65,260.13,7
701,24-5-2024 19:04:57.000 ,1076178,42.360953333333335, N,-71.08655666666667, W,108.7,1.8,249.69,7
702,24-5-2024 19:04:58.000 ,1077182,42.360945, N,-71.08656333333333, W,107.9,1.88,212.2,7
703,24-5-2024 19:04:59.000 ,1078304,42.36093666666667, N,-71.08657166666667, W,107.6,2.32,207.15,7
704,24-5-2024 19:05:00.000 ,1079306,42.36093666666667, N,-71.08658833333334, W,106.7,2.37,216.98,7
705,24-5-2024 19:05:02.000 ,1080933,42.36093666666667, N,-71.08663, W,106.1,1.76,216.98,7
706,24-5-2024 19:05:03.000 ,1082051,42.36093666666667, N,-71.08663666666666, W,103.4,2.04,215.3,7
707,24-5-2024 19:05:04.000 ,1083180,42.36093666666667, N,-71.08665333333333, W,102.5,2.21,211.53,7
708,24-5-2024 19:05:05.000 ,1084304,42.36093666666667, N,-71.08667, W,101.1,1.92,213.87,7
709,24-5-2024 19:05:06.000 ,1085361,42.36093666666667, N,-71.08668666666667, W,99.4,1.88,217.23,7
710,24-5-2024 19:05:08.000 ,1086932,42.360945, N,-71.08672666666666, W,97.6,2.07,224.0,7
711,24-5-2024 19:05:09.000 ,1088180,42.36093666666667, N,-71.08674333333333, W,96.3,2.31,221.02,7
712,24-5-2024 19:05:10.000 ,1089306,42.36093666666667, N,-71.08675166666667, W,94.9,2.6,200.83,7
713,24-5-2024 19:05:11.000 ,1090359,42.36093, N,-71.08676, W,93.5,3.43,177.86,7
714,24-5-2024 19:05:12.000 ,1091365,42.36093, N,-71.086775, W,93.0,2.46,180.49,7
715,24-5-2024 19:05:14.000 ,1092928,42.360953333333335, N,-71.08681666666666, W,90.4,1.8,203.78,7
716,24-5-2024 19:05:15.000 ,1093930,42.36097, N,-71.08683333333333, W,89.5,1.75,198.18,7
717,24-5-2024 19:05:16.000 ,1094933,42.36096166666667, N,-71.08684, W,87.2,2.32,190.12,7
718,24-5-2024 19:05:17.000 ,1096056,42.360953333333335, N,-71.08684, W,85.0,2.52,181.84,7
719,24-5-2024 19:05:18.000 ,1097181,42.360953333333335, N,-71.08684833333334, W,83.8,1.98,188.25,7
720,24-5-2024 19:05:19.000 ,1098306,42.36096166666667, N,-71.086865, W,82.8,1.08,188.25,7
721,24-5-2024 19:05:20.000 ,1099306,42.360978333333335, N,-71.08687333333333, W,80.6,0.14,188.25,7
722,24-5-2024 19:05:21.000 ,1100345,42.360995, N,-71.08688166666667, W,78.9,0.1,188.25,7
723,24-5-2024 19:05:23.000 ,1101928,42.36102666666667, N,-71.08689, W,77.6,0.07,188.25,7
724,24-5-2024 19:05:24.000 ,1102938,42.361043333333335, N,-71.08689833333334, W,76.4,0.14,188.25,7
725,24-5-2024 19:05:25.000 ,1104055,42.36106, N,-71.08691333333333, W,72.8,0.12,188.25,7
726,24-5-2024 19:05:26.000 ,1105058,42.361068333333336, N,-71.08691333333333, W,71.9,0.19,188.25,7
727,24-5-2024 19:05:27.000 ,1106181,42.361068333333336, N,-71.08691333333333, W,70.8,0.63,188.25,7
728,24-5-2024 19:05:28.000 ,1107306,42.36106, N,-71.08691333333333, W,71.1,1.44,194.15,7
729,24-5-2024 19:05:29.000 ,1108360,42.361068333333336, N,-71.08691333333333, W,68.6,2.11,202.9,7
730,24-5-2024 19:05:30.000 ,1109364,42.36105166666667, N,-71.08692166666667, W,69.5,2.78,186.4,7
731,24-5-2024 19:05:31.000 ,1110366,42.36105166666667, N,-71.08693833333334, W,67.9,1.86,191.55,7
732,24-5-2024 19:05:33.000 ,1111930,42.36106, N,-71.08696333333333, W,66.3,2.11,228.1,7
733,24-5-2024 19:05:34.000 ,1112932,42.36105166666667, N,-71.08697166666667, W,64.5,1.86,226.64,7
734,24-5-2024 19:05:35.000 ,1114054,42.36106, N,-71.08697833333333, W,62.1,1.49,218.76,7
735,24-5-2024 19:05:36.000 ,1115181,42.36106, N,-71.08698666666666, W,60.3,1.65,227.83,7
736,24-5-2024 19:05:37.000 ,1116307,42.361068333333336, N,-71.08700333333333, W,59.0,1.8,241.48,7
737,24-5-2024 19:05:38.000 ,1117364,42.36105166666667, N,-71.08700333333333, W,58.8,1.85,238.95,7
738,24-5-2024 19:05:40.000 ,1118933,42.361043333333335, N,-71.08702833333334, W,58.4,2.32,231.58,7
739,24-5-2024 19:05:41.000 ,1120179,42.36105166666667, N,-71.087045, W,56.0,1.92,238.83,7
740,24-5-2024 19:05:42.000 ,1121180,42.36106, N,-71.08706, W,54.6,1.83,242.33,7
741,24-5-2024 19:05:43.000 ,1122301,42.36106, N,-71.08707666666666, W,53.1,2.02,242.16,7
742,24-5-2024 19:05:44.000 ,1123305,42.361068333333336, N,-71.08709333333333, W,51.7,1.6,241.93,7
743,24-5-2024 19:05:45.000 ,1124361,42.361068333333336, N,-71.08710166666667, W,50.7,1.82,240.9,7
744,24-5-2024 19:05:46.000 ,1125366,42.36107666666667, N,-71.08711833333334, W,49.2,1.74,238.4,7
745,24-5-2024 19:05:48.000 ,1126930,42.36107666666667, N,-71.08714166666667, W,48.6,1.96,245.31,7
746,24-5-2024 19:05:49.000 ,1128055,42.36107666666667, N,-71.08715833333333, W,46.5,1.77,251.62,7
747,24-5-2024 19:05:50.000 ,1129177,42.36108333333333, N,-71.087175, W,45.6,1.83,252.36,7
748,24-5-2024 19:05:51.000 ,1130180,42.36108333333333, N,-71.08719, W,44.6,1.96,252.94,7
749,24-5-2024 19:05:52.000 ,1131305,42.36108333333333, N,-71.08720666666666, W,44.0,2.15,256.43,7
750,24-5-2024 19:05:53.000 ,1132366,42.36109166666667, N,-71.08722333333333, W,43.0,2.05,251.65,7
751,24-5-2024 19:05:54.000 ,1133371,42.36109166666667, N,-71.08724, W,42.1,1.96,247.04,8
752,24-5-2024 19:05:56.000 ,1134932,42.36108333333333, N,-71.08726333333334, W,41.5,2.09,226.7,8
753,24-5-2024 19:05:57.000 ,1136179,42.36107666666667, N,-71.08727166666667, W,40.5,1.89,222.95,7
754,24-5-2024 19:05:58.000 ,1137183,42.361068333333336, N,-71.08727166666667, W,40.0,1.84,219.21,8
755,24-5-2024 19:05:59.000 ,1138303,42.36106, N,-71.08728, W,39.5,1.72,212.26,8
756,24-5-2024 19:06:00.000 ,1139308,42.36106, N,-71.08728833333333, W,38.7,1.51,202.68,8
757,24-5-2024 19:06:01.000 ,1140364,42.36105166666667, N,-71.08729666666666, W,38.6,1.77,207.1,8
758,24-5-2024 19:06:02.000 ,1141370,42.36105166666667, N,-71.087305, W,37.7,1.99,212.85,8
759,24-5-2024 19:06:04.000 ,1142938,42.361043333333335, N,-71.08732166666667, W,36.6,1.58,226.1,8
760,24-5-2024 19:06:05.000 ,1144184,42.36105166666667, N,-71.08733666666667, W,35.1,1.75,233.88,8
761,24-5-2024 19:06:06.000 ,1145186,42.36105166666667, N,-71.087345, W,34.1,1.34,231.53,8
762,24-5-2024 19:06:07.000 ,1146306,42.36105166666667, N,-71.087345, W,33.7,0.75,231.53,8
763,24-5-2024 19:06:08.000 ,1147309,42.36105166666667, N,-71.08735333333334, W,33.0,0.65,231.53,8
764,24-5-2024 19:06:09.000 ,1148321,42.36105166666667, N,-71.08736166666667, W,32.5,1.15,230.39,8
765,24-5-2024 19:06:10.000 ,1149321,42.36105166666667, N,-71.08737, W,31.7,1.5,238.68,8
766,24-5-2024 19:06:12.000 ,1150931,42.361043333333335, N,-71.087395, W,30.9,1.54,241.62,7
767,24-5-2024 19:06:13.000 ,1151936,42.361043333333335, N,-71.08740166666666, W,30.4,1.74,233.83,7
768,24-5-2024 19:06:14.000 ,1152938,42.361035, N,-71.08740166666666, W,30.0,1.54,224.4,7
769,24-5-2024 19:06:15.000 ,1154057,42.36102666666667, N,-71.08741, W,29.3,1.13,224.4,8
770,24-5-2024 19:06:16.000 ,1155305,42.36102666666667, N,-71.08741, W,29.1,1.08,224.4,8
771,24-5-2024 19:06:17.000 ,1156318,42.361043333333335, N,-71.08741833333333, W,28.5,1.6,277.56,8
772,24-5-2024 19:06:19.000 ,1157927,42.361043333333335, N,-71.08740166666666, W,28.4,1.19,277.56,7
773,24-5-2024 19:06:20.000 ,1159051,42.361043333333335, N,-71.087395, W,27.8,0.6,277.56,6
774,24-5-2024 19:06:21.000 ,1160052,42.361035, N,-71.08738666666666, W,27.8,0.9,277.56,6
775,24-5-2024 19:06:22.000 ,1161058,42.36102666666667, N,-71.08737, W,27.6,1.14,277.56,5
776,24-5-2024 19:06:23.000 ,1162302,42.36102666666667, N,-71.08735333333334, W,27.5,1.07,277.56,7
777,24-5-2024 19:06:24.000 ,1163312,42.361043333333335, N,-71.087345, W,27.3,0.46,277.56,6
778,24-5-2024 19:06:26.000 ,1164931,42.36105166666667, N,-71.08732166666667, W,27.6,0.73,277.56,6
779,24-5-2024 19:06:27.000 ,1166055,42.36105166666667, N,-71.08728833333333, W,27.2,0.67,277.56,8
780,24-5-2024 19:06:28.000 ,1167057,42.36105166666667, N,-71.08727166666667, W,27.1,0.92,277.56,7
781,24-5-2024 19:06:29.000 ,1168302,42.361043333333335, N,-71.08725666666666, W,26.7,0.91,277.56,7
782,24-5-2024 19:06:30.000 ,1169305,42.36105166666667, N,-71.08724, W,26.4,0.33,277.56,7
783,24-5-2024 19:06:32.000 ,1170930,42.361035, N,-71.08720666666666, W,26.1,1.18,277.56,7
784,24-5-2024 19:06:33.000 ,1172056,42.36102666666667, N,-71.08719, W,25.6,1.21,277.56,8
785,24-5-2024 19:06:34.000 ,1173303,42.36102666666667, N,-71.08718333333333, W,25.3,1.04,277.56,8
786,24-5-2024 19:06:35.000 ,1174306,42.361018333333334, N,-71.087175, W,25.0,1.36,277.56,8
787,24-5-2024 19:06:36.000 ,1175310,42.361018333333334, N,-71.08716666666666, W,24.7,1.08,277.56,8
788,24-5-2024 19:06:38.000 ,1176930,42.361018333333334, N,-71.08715833333333, W,24.3,0.58,277.56,8
789,24-5-2024 19:06:39.000 ,1178052,42.361003333333336, N,-71.08715, W,24.0,0.75,277.56,8
790,24-5-2024 19:06:40.000 ,1179057,42.36098666666667, N,-71.08713333333333, W,23.8,1.16,277.56,8
791,24-5-2024 19:06:41.000 ,1180299,42.36097, N,-71.087125, W,23.8,1.22,277.56,8
792,24-5-2024 19:06:42.000 ,1181304,42.36096166666667, N,-71.08711833333334, W,23.6,1.3,277.56,8
793,24-5-2024 19:06:43.000 ,1182309,42.360953333333335, N,-71.087125, W,23.5,0.8,277.56,8
794,24-5-2024 19:06:45.000 ,1183926,42.360953333333335, N,-71.08715, W,23.6,0.63,277.56,8
795,24-5-2024 19:06:46.000 ,1184928,42.360953333333335, N,-71.08715, W,23.4,0.58,277.56,7
796,24-5-2024 19:06:47.000 ,1186052,42.360953333333335, N,-71.08716666666666, W,23.5,0.69,277.56,7
797,24-5-2024 19:06:48.000 ,1187056,42.360945, N,-71.087175, W,23.4,0.45,277.56,7
798,24-5-2024 19:06:49.000 ,1188303,42.360953333333335, N,-71.08716666666666, W,23.5,0.6,277.56,7
799,24-5-2024 19:06:50.000 ,1189305,42.360945, N,-71.08719, W,23.2,0.72,277.56,8
800,24-5-2024 19:06:51.000 ,1190307,42.36093, N,-71.08722333333333, W,22.8,1.45,277.56,8
801,24-5-2024 19:06:53.000 ,1191925,42.360888333333335, N,-71.08727166666667, W,22.2,2.09,277.56,8
802,24-5-2024 19:06:54.000 ,1192927,42.36085666666666, N,-71.087305, W,21.8,3.17,277.56,6
803,24-5-2024 19:06:55.000 ,1194051,42.36083166666667, N,-71.08731333333333, W,21.0,2.68,277.56,5
804,24-5-2024 19:06:56.000 ,1195294,42.36080666666667, N,-71.08731333333333, W,20.7,2.59,277.56,4
